"","X","Y","OBJECTID_1","OBJECTID","BLDG_ID","BLDG_NAME","ADDRESS","CITY","ZIPCODE","CSP_SCH_ID","SCH_ID","SCH_NAME","SCH_LABEL","SCH_TYPE","SHARED","COMPLEX","POINT_X","POINT_Y","school_name_2","ORG_CODE","DISTRICT_NAME","SCHOOL","COUNTY","School_Total","PK","K","Gr.1","Gr.2","Gr.3","Gr.4","Gr.5","Gr.6","Gr.7","Gr.8","Gr.9","Gr.10","Gr.11","Gr.12","SPED_Beyond_Grade_12","School Name.x","# Enrolled Grades 09 through 12","# Dropout All Grades","% Dropout All Grades","% Dropout Grade 09","% Dropout Grade 10","% Dropout Grade 11","% Dropout Grade 12","School Name.y","Tests Taken","Reading / Writing","Writing","Math","sch_int","School.Name.x","Subject.x","P.A..","P.A...1","A..","A...1","P..","P...1","NI..","NI...1","W.F..","W.F...1","Student.Included","CPI","Ave..SGP","Included.In.Ave..SGP","School.Name.y","Subject.y","M.E...x","M.E...1.x","E...x","E...1.x","M...x","M...1.x","PM...x","PM...1.x","NM...x","NM...1.x","No..of.Students.Included.x","Avg..Scaled.Score.x","SGP.x","Included.In.SGP.x","Ach..PCTL.x","School.Name","Subject","M.E...y","M.E...1.y","E...y","E...1.y","M...y","M...1.y","PM...y","PM...1.y","NM...y","NM...1.y","No..of.Students.Included.y","Avg..Scaled.Score.y","SGP.y","Included.In.SGP.y","Ach..PCTL.y"
"1",-71.1179278543226,42.2652611923976,101,107,139,"E. Greenwood Bldg","612 Metropolitan Avenue","Hyde Park",2136,1230,1230,"Another Course to College","ACC","HS"," "," ",759585.471,2921916.774,"Another Course To College","0035","Boston","00350541","Suffolk",224,0,0,0,0,0,0,0,0,0,0,62,53,52,57,0,"Boston - Another Course To College","     224","       6","   2.7","   0.0","   0.0","   6.3","   3.7","Boston - Another Course To College","      70","428","","431",350541,"Boston - Another Course To College","SCIENCE AND TECH/ENG",11,32,0,0,11,32,17,50,6,18,34,64,"N/A","N/A",NA,NA,NA,NA,NA,NA,NA,NA,NA,NA,NA,NA,NA,NA,NA,NA,NA,NA,NA,NA,NA,NA,NA,NA,NA,NA,NA,NA,NA,NA,NA,NA,NA,NA
"2",-71.1405106172254,42.3420386680756,103,109,141,"Baldwin Bldg","121 Corey Road","Brighton",2135,4621,4621,"Baldwin ELPA","Baldwin ELPA","ELC"," "," ",753354.609161,2949869.27556,"Baldwin Early Learning Center","0035","Boston","00350003","Suffolk",159,82,42,35,0,0,0,0,0,0,0,0,0,0,0,0,NA,NA,NA,NA,NA,NA,NA,NA,NA,NA,NA,NA,NA,350003,NA,NA,NA,NA,NA,NA,NA,NA,NA,NA,NA,NA,NA,NA,NA,NA,NA,NA,NA,NA,NA,NA,NA,NA,NA,NA,NA,NA,NA,NA,NA,NA,NA,NA,NA,NA,NA,NA,NA,NA,NA,NA,NA,NA,NA,NA,NA,NA,NA,NA
"3",-71.1561306165837,42.2634386513491,93,99,129,"Beethoven Bldg","5125 Washington Street","West Roxbury",2132,4030,4030,"Beethoven Elementary","Beethoven (K1-2)","ES"," "," ",749247.248709,2921208.69169,"Beethoven","0035","Boston","00350021","Suffolk",307,44,82,87,94,0,0,0,0,0,0,0,0,0,0,0,NA,NA,NA,NA,NA,NA,NA,NA,NA,NA,NA,NA,NA,350021,NA,NA,NA,NA,NA,NA,NA,NA,NA,NA,NA,NA,NA,NA,NA,NA,NA,NA,NA,NA,NA,NA,NA,NA,NA,NA,NA,NA,NA,NA,NA,NA,NA,NA,NA,NA,NA,NA,NA,NA,NA,NA,NA,NA,NA,NA,NA,NA,NA,NA
"4",-71.0724610662797,42.3407375515449,21,21,28,"Blackstone Bldg","380 Shawmut Avenue","Boston",2118,4640,4640,"Blackstone Elementary","Blackstone","ES"," "," ",771753.999994,2949480.00001,"Blackstone","0035","Boston","00350390","Suffolk",551,79,74,80,82,77,74,85,0,0,0,0,0,0,0,0,NA,NA,NA,NA,NA,NA,NA,NA,NA,NA,NA,NA,NA,350390,"Boston - Blackstone","SCIENCE AND TECH/ENG",1,1,0,0,1,1,35,47,39,52,75,43.7,"N/A","N/A","Boston - Blackstone","MATH","          38",16,"           0",0,"          38",16,"         125",52,"          79",33,"         242",480.5,50.3,"         142",5,"Boston - Blackstone","ELA","          52",22,"           1",0,"          51",21,"         132",55,"          55",23,"         239",485.7,51,"         140",7
"5",-71.06814953602,42.3487697098188,129,2938,0,"Church Street Bldg","20 Church Street","Boston",2116,1215,1215,"Boston Adult Tech Acad","BATA","Special"," "," ",772904.812815,2952412.93842,"Boston Adult Academy","0035","Boston","00350548","Suffolk",144,0,0,0,0,0,0,0,0,0,0,0,0,105,39,0,"Boston - Boston Adult Academy","     154","      51","  33.1","","","  20.7","  78.8","Boston - Boston Adult Academy","      16","388","","433",350548,NA,NA,NA,NA,NA,NA,NA,NA,NA,NA,NA,NA,NA,NA,NA,NA,NA,NA,NA,NA,NA,NA,NA,NA,NA,NA,NA,NA,NA,NA,NA,NA,NA,NA,NA,NA,NA,NA,NA,NA,NA,NA,NA,NA,NA,NA,NA,NA,NA,NA
"6",-71.0621525628862,42.300698325178,84,90,118,"Cleveland Bldg","11 Charles Street","Dorchester",2122,1420,1420,"Boston Arts Academy","BAA","HS","Shared"," ",774619.898,2934906.539,"Boston Arts Academy","0035","Boston","00350546","Suffolk",469,0,0,0,0,0,0,0,0,0,0,114,116,122,117,0,"Boston - Boston Arts Academy","     469","       7","   1.5","   0.8","   0.0","   2.4","   3.8","Boston - Boston Arts Academy","     161","491","","469",350546,"Boston - Boston Arts Academy","SCIENCE AND TECH/ENG",63,53,11,9,52,44,54,45,2,2,119,80.5,"N/A","N/A",NA,NA,NA,NA,NA,NA,NA,NA,NA,NA,NA,NA,NA,NA,NA,NA,NA,NA,NA,NA,NA,NA,NA,NA,NA,NA,NA,NA,NA,NA,NA,NA,NA,NA
"7",-71.1178860656969,42.2632278971189,125,132,89,"Hyde Park EC","655 Metropolitan Ave","Hyde Park",2136,1195,1195,"Community Leadership Academy","BCLA","HS","Shared"," ",759599.764602,2921175.94527,"Boston Community Leadership Academy","0035","Boston","00350558","Suffolk",487,0,0,0,0,0,0,0,0,0,0,132,115,114,111,15,"Boston - Boston Community Leadership Academy","     474","      11","   2.3","   2.5","   0.8","   4.3","   1.9","Boston - Boston Community Leadership Academy","     116","463","","476",350558,"Boston - Boston Community Leadership Academy","SCIENCE AND TECH/ENG",40,43,3,3,37,39,45,48,9,10,94,76.9,"N/A","N/A",NA,NA,NA,NA,NA,NA,NA,NA,NA,NA,NA,NA,NA,NA,NA,NA,NA,NA,NA,NA,NA,NA,NA,NA,NA,NA,NA,NA,NA,NA,NA,NA,NA,NA
"8",-71.0817105968886,42.3270286660483,32,35,44,"Wheatley Bldg","20 Kearsage Avenue","Roxbury",2119,1410,1410,"Boston Day and Evening Academy","BDEA","Special"," "," ",769277.865976,2944471.83911,"Boston Day and Evening Academy Charter School","0424","Boston Day and Evening Academy Charter (District)","04240505","Suffolk",421,0,0,0,0,0,0,0,0,0,0,94,70,3,254,0,"Boston Day and Evening Academy Charter (District) - Boston Day and Evening Academy Charter School","     404","      95","  23.5","  20.6","  29.8","","  23.0","Boston Day and Evening Academy Charter (District) - Boston Day and Evening Academy Charter School","      35","472","","461",4240505,"Boston Day and Evening Academy Charter (District) - Boston Day and Evening Academy Charter School","SCIENCE AND TECH/ENG",7,33,0,0,7,33,10,48,4,19,21,66.7,"N/A","N/A",NA,NA,NA,NA,NA,NA,NA,NA,NA,NA,NA,NA,NA,NA,NA,NA,NA,NA,NA,NA,NA,NA,NA,NA,NA,NA,NA,NA,NA,NA,NA,NA,NA,NA
"9",-71.1459610587206,42.3504407246818,130,2946,139,"Taft Bldg","20 Warren Street","Brighton",2135,1470,1470,"Boston Green Academy","Boston Green Academy","6/7-12"," "," ",751868.385102,2952924.99053,"Boston Green Academy Horace Mann Charter School","0411","Boston Green Academy Horace Mann Charter School (District)","04110305","Suffolk",476,0,0,0,0,0,0,0,52,52,61,86,86,77,52,10,"Boston Green Academy Horace Mann Charter School (District) - Boston Green Academy Horace Mann Charter School","     304","       9","   3.0","   3.4","   1.2","   6.9","   1.4","Boston Green Academy Horace Mann Charter School (District) - Boston Green Academy Horace Mann Charter School","      72","431","","429",4110305,"Boston Green Academy Horace Mann Charter School (District) - Boston Green Academy Horace Mann Charter School","SCIENCE AND TECH/ENG",24,20,1,1,23,19,54,45,42,35,120,56.5,"N/A","N/A","Boston Green Academy Horace Mann Charter School (District) - Boston Green Academy Horace Mann Charter School","MATH","          15",9,"           0",0,"          15",9,"          95",59,"          51",32,"         161",477.6,45.5,"         147",3,"Boston Green Academy Horace Mann Charter School (District) - Boston Green Academy Horace Mann Charter School","ELA","          41",25,"           4",2,"          37",23,"          67",42,"          53",33,"         161",483.5,48.8,"         145",5
"10",-71.0809105941458,42.281418657595,54,58,74,"Thompson Bldg","100 Maxwell Street","Dorchester",2124,1990,1990,"Boston International HS","Boston Intl HS","Special","Shared"," ",769575.860504,2927851.90514,"Boston International High School","0035","Boston","00350507","Suffolk",369,0,0,0,0,0,0,0,0,0,0,133,94,69,73,0,"Boston - Boston International High School","     366","      23","   6.3","   6.7","   8.9","   7.5","   1.4","Boston - Boston International High School","      56","403","","454",350507,"Boston - Boston International High School","SCIENCE AND TECH/ENG",18,46,0,0,18,46,17,44,4,10,39,75.6,"N/A","N/A",NA,NA,NA,NA,NA,NA,NA,NA,NA,NA,NA,NA,NA,NA,NA,NA,NA,NA,NA,NA,NA,NA,NA,NA,NA,NA,NA,NA,NA,NA,NA,NA,NA,NA
"11",-71.101690603336,42.337898667878,81,87,115,"Boston Latin School Bldg","78 Avenue Louis Pasteur","Boston",2115,1010,1010,"Boston Latin School","Boston Latin Sch","6/7-12"," "," ",763856.549491,2948407.20221,"Boston Latin","0035","Boston","00350560","Suffolk",2440,0,0,0,0,0,0,0,0,410,407,407,431,402,383,0,"Boston - Boston Latin","   1,656","       1","   0.1","   0.2","   0.0","   0.0","   0.0","Boston - Boston Latin","     603","657","","678",350560,"Boston - Boston Latin","SCIENCE AND TECH/ENG",578,75,268,35,310,40,193,25,4,1,775,91.4,"N/A","N/A","Boston - Boston Latin","MATH","         716",91,"         139",18,"         577",74,"          67",9,"           0",0,"         783",517.9,38.8,"         676",99,"Boston - Boston Latin","ELA","         711",92,"         175",23,"         536",69,"          61",8,"           1",0,"         773",518.9,52.7,"         667",98
"12",-71.0845005964343,42.3161586640344,41,44,55,"Boston Latin Academy Bldg","205 Townsend Street","Boston",2121,1020,1020,"Boston Latin Academy","Boston Latin Acad","6/7-12"," "," ",768542.714999,2940506.93881,"Boston Latin Academy","0035","Boston","00350545","Suffolk",1767,0,0,0,0,0,0,0,0,283,298,298,362,260,266,0,"Boston - Boston Latin Academy","   1,224","       4","   0.3","   0.0","   0.7","   0.0","   0.7","Boston - Boston Latin Academy","     446","570","","598",350545,"Boston - Boston Latin Academy","SCIENCE AND TECH/ENG",318,61,111,21,207,40,185,35,21,4,524,83.8,"N/A","N/A","Boston - Boston Latin Academy","MATH","         382",70,"          18",3,"         364",67,"         154",28,"           7",1,"         543",506.4,36.6,"         498",78,"Boston - Boston Latin Academy","ELA","         355",66,"          50",9,"         305",56,"         174",32,"          12",2,"         541",506.9,42.7,"         496",71
"13",-71.1159406061099,42.294638658621,67,72,93,"Parkman Bldg","25 Walk Hill Street","Jamaica Plain",2130,4661,4661,"BTU K-8 Pilot","BTU Pilot School K-8","K-8"," "," ",760074.83,2932624.84345,"Boston Teachers Union School","0035","Boston","00350012","Suffolk",270,23,22,22,21,23,26,36,51,18,28,0,0,0,0,0,NA,NA,NA,NA,NA,NA,NA,NA,NA,NA,NA,NA,NA,350012,"Boston - Boston Teachers Union School","SCIENCE AND TECH/ENG",8,12,1,2,7,11,28,43,29,45,65,55.8,"N/A","N/A","Boston - Boston Teachers Union School","MATH","          81",41,"          12",6,"          69",35,"          77",39,"          39",20,"         197",497.1,59.4,"         149",42,"Boston - Boston Teachers Union School","ELA","          76",39,"          15",8,"          61",31,"          78",40,"          43",22,"         197",496.2,47,"         148",29
"14",-71.1454906178092,42.3490886682943,102,108,140,"Brighton High School Bldg","25 Warren Street","Brighton",2135,1040,1040,"Brighton High","Brighton HS","HS"," "," ",751997.598536,2952432.80174,"Brighton High","0035","Boston","00350505","Suffolk",586,0,0,0,0,0,0,0,0,0,0,117,124,132,191,22,"Boston - Brighton High","     682","      53","   7.8","   5.3","   8.5","   5.4","  11.2","Boston - Brighton High","     163","412","","426",350505,"Boston - Brighton High","SCIENCE AND TECH/ENG",30,39,6,8,24,32,29,38,17,22,76,69.1,"N/A","N/A",NA,NA,NA,NA,NA,NA,NA,NA,NA,NA,NA,NA,NA,NA,NA,NA,NA,NA,NA,NA,NA,NA,NA,NA,NA,NA,NA,NA,NA,NA,NA,NA,NA,NA
"15",-71.0838399754959,42.3405597744244,33,36,45,"Carter Center Bldg","396 Northampton Street","Roxbury",2118,4261,4261,"Carter Center","Carter Center","Special"," "," ",768677.999992,2949400.00001,"Carter Developmental Center","0035","Boston","00350036","Suffolk",29,0,0,0,0,0,0,0,0,3,2,4,2,2,7,9,"Boston - Carter Developmental Center","      24","       1","   4.2","","","   0.0","   7.1",NA,NA,NA,NA,NA,350036,NA,NA,NA,NA,NA,NA,NA,NA,NA,NA,NA,NA,NA,NA,NA,NA,NA,NA,NA,NA,NA,NA,NA,NA,NA,NA,NA,NA,NA,NA,NA,NA,NA,NA,NA,NA,NA,NA,NA,NA,NA,NA,NA,NA,NA,NA,NA,NA,NA,NA
"16",-71.0774305660365,42.2778607462569,53,57,73,"Taylor Bldg","1060 Morton Street","Mattapan",2126,4151,4151,"Taylor Elementary","Taylor","ES"," "," ",770523.999993,2926559.99999,"Charles H Taylor","0035","Boston","00350054","Suffolk",517,17,61,77,80,83,109,90,0,0,0,0,0,0,0,0,NA,NA,NA,NA,NA,NA,NA,NA,NA,NA,NA,NA,NA,350054,"Boston - Charles H Taylor","SCIENCE AND TECH/ENG",10,16,2,3,8,13,21,34,30,49,61,50,"N/A","N/A","Boston - Charles H Taylor","MATH","          58",24,"           2",1,"          56",23,"         112",47,"          70",29,"         240",484.8,53.9,"         122",10,"Boston - Charles H Taylor","ELA","          55",23,"           1",0,"          54",23,"         125",53,"          57",24,"         237",486.2,43.9,"         123",7
"17",-71.126840608096,42.286458657546,73,79,102,"Sumner Bldg","15 Basile Street","Roslindale",2131,4560,4560,"Sumner Elementary","Sumner","ES"," "," ",757138.874669,2929630.83493,"Charles Sumner","0035","Boston","00350052","Suffolk",546,58,78,81,86,80,94,69,0,0,0,0,0,0,0,0,NA,NA,NA,NA,NA,NA,NA,NA,NA,NA,NA,NA,NA,350052,"Boston - Charles Sumner","SCIENCE AND TECH/ENG",7,11,1,2,6,10,28,45,27,44,62,48,"N/A","N/A","Boston - Charles Sumner","MATH","          68",30,"          12",5,"          56",25,"         114",50,"          46",20,"         228",489.9,55.9,"         142",19,"Boston - Charles Sumner","ELA","          93",41,"          19",8,"          74",32,"         111",49,"          24",11,"         228",495.9,50.7,"         141",28
"18",-71.0610705930195,42.3801186774062,11,11,14,"Charlestown High Bldg #1 -  Main","240 Medford Street","Charlestown",2129,1050,1050,"Charlestown High","Charlestown HS","HS"," "," ",774759.589533,2963846.89176,"Charlestown High","0035","Boston","00350515","Suffolk",881,0,0,0,0,0,0,0,0,0,0,252,173,203,214,39,"Boston - Charlestown High","     920","      63","   6.8","   3.7","  12.0","   5.0","   7.4","Boston - Charlestown High","     219","422","","453",350515,"Boston - Charlestown High","SCIENCE AND TECH/ENG",24,18,2,1,22,16,71,53,39,29,134,65.1,"N/A","N/A",NA,NA,NA,NA,NA,NA,NA,NA,NA,NA,NA,NA,NA,NA,NA,NA,NA,NA,NA,NA,NA,NA,NA,NA,NA,NA,NA,NA,NA,NA,NA,NA,NA,NA
"19",-71.0672312443215,42.3790803554746,12,12,15,"Edwards Bldg","28 Walker Street","Charlestown",2129,2010,2010,"Edwards Middle","Edwards MS","MS"," "," ",773096.999996,2963459.99999,"Clarence R Edwards Middle","0035","Boston","00350430","Suffolk",362,0,0,0,0,0,0,0,149,108,105,0,0,0,0,0,NA,NA,NA,NA,NA,NA,NA,NA,NA,NA,NA,NA,NA,350430,"Boston - Clarence R Edwards Middle","SCIENCE AND TECH/ENG",8,9,0,0,8,9,36,41,43,49,87,44.5,"N/A","N/A","Boston - Clarence R Edwards Middle","MATH","          37",15,"           1",0,"          36",14,"         132",53,"          82",33,"         251",478.1,37,"         228",4,"Boston - Clarence R Edwards Middle","ELA","          37",15,"           2",1,"          35",14,"         119",47,"          96",38,"         252",477.1,41.1,"         227",2
"20",-71.1034906017473,42.3089286626655,74,80,105,"Fuller Bldg","25 Glen Road","Jamaica Plain",2130,1340,1340,"Community Academy","Community Acad","Special"," "," ",763418.969363,2937847.759,"Community Academy","0035","Boston","00350518","Suffolk",45,0,0,0,0,0,0,0,0,0,0,11,12,15,7,0,"Boston - Community Academy","      79","      40","  50.6","  57.1","  14.3","  59.1","  58.6","Boston - Community Academy","       1","","","",350518,NA,NA,NA,NA,NA,NA,NA,NA,NA,NA,NA,NA,NA,NA,NA,NA,NA,NA,NA,NA,NA,NA,NA,NA,NA,NA,NA,NA,NA,NA,NA,NA,NA,NA,NA,NA,NA,NA,NA,NA,NA,NA,NA,NA,NA,NA,NA,NA,NA,NA
"21",-71.061729420578,42.3011287910384,64,69,65,"Cleveland Bldg","11 Charles Street","Dorchester",2122,1103,1103,"Comm Acad Sci Health","CASH","HS","Shared"," ",774729.490703,2935060.64311,"Community Academy of Science and Health","0035","Boston","00350581","Suffolk",368,0,0,0,0,0,0,0,0,0,0,78,81,107,80,22,"Boston - Community Academy of Science and Health","     389","      21","   5.4","   4.9","   4.8","   5.6","   6.2","Boston - Community Academy of Science and Health","      95","413","","418",350581,"Boston - Community Academy of Science and Health","SCIENCE AND TECH/ENG",8,19,1,2,7,17,17,40,17,40,42,57.1,"N/A","N/A",NA,NA,NA,NA,NA,NA,NA,NA,NA,NA,NA,NA,NA,NA,NA,NA,NA,NA,NA,NA,NA,NA,NA,NA,NA,NA,NA,NA,NA,NA,NA,NA,NA,NA
"22",-71.0521512218551,42.3380258933474,115,121,156,"Condon Bldg","200 D Street","South Boston",2127,4630,4630,"Condon K-8","Condon K-8","K-8"," "," ",777250,2948520.00001,"Condon K-8","0035","Boston","00350146","Suffolk",851,44,74,77,87,83,111,119,102,82,72,0,0,0,0,0,NA,NA,NA,NA,NA,NA,NA,NA,NA,NA,NA,NA,NA,350146,"Boston - James Condon Elementary","SCIENCE AND TECH/ENG",21,12,3,2,18,10,84,49,67,39,172,49.3,"N/A","N/A","Boston - Condon K-8","MATH","         140",24,"          10",2,"         130",23,"         278",48,"         156",27,"         574",484.7,46,"         433",10,"Boston - Condon K-8","ELA","         154",27,"          15",3,"         139",24,"         262",46,"         156",27,"         572",486.2,47.3,"         430",7
"23",-71.1142189130239,42.3186854768092,87,93,121,"Curley, J.  Bldg","40 Pershing Road","Jamaica Plain",2130,4272,4272,"Curley K-8 (Lower)","Curley K-8 (Lower)","K-8"," "," ",760501.000016,2941390,"Curley K-8 School","0035","Boston","00350020","Suffolk",968,103,88,94,87,84,102,104,131,95,80,0,0,0,0,0,NA,NA,NA,NA,NA,NA,NA,NA,NA,NA,NA,NA,NA,350020,"Boston - Curley K-8 School","SCIENCE AND TECH/ENG",33,19,14,8,19,11,50,29,87,51,170,50.3,"N/A","N/A","Boston - Curley K-8 School","MATH","         120",22,"          23",4,"          97",18,"         235",43,"         190",35,"         545",483.3,43.5,"         397",8,"Boston - Curley K-8 School","ELA","         145",27,"          25",5,"         120",22,"         212",39,"         186",34,"         543",485.7,45.9,"         402",7
"24",-71.0041205752026,42.3887986810735,1,1,1,"Guild Bldg","195 Leyden Street","East Boston",2128,4061,4061,"Guild Elementary","Guild","ES"," "," ",790128.152748,2967094.37762,"Curtis Guild","0035","Boston","00350062","Suffolk",260,29,36,36,32,38,48,41,0,0,0,0,0,0,0,0,NA,NA,NA,NA,NA,NA,NA,NA,NA,NA,NA,NA,NA,350062,"Boston - Curtis Guild","SCIENCE AND TECH/ENG",0,0,0,0,0,0,19,40,29,60,48,37,"N/A","N/A","Boston - Curtis Guild","MATH","          34",24,"           2",1,"          32",23,"          72",51,"          34",24,"         140",484.9,54,"          87",10,"Boston - Curtis Guild","ELA","          39",28,"           2",1,"          37",26,"          77",55,"          24",17,"         140",489.1,50.6,"          86",11
"25",-71.0379400819836,42.3715684361376,128,2136,0,"Alighieri Bldg","37 Gove St.","East Boston",2128,4321,4321,"Alighieri Montessori","Alighieri","ES"," "," ",781025.956811,2960764.01781,"Dante Alighieri Montessori School","0035","Boston","00350066","Suffolk",97,26,15,14,13,10,12,3,4,0,0,0,0,0,0,0,NA,NA,NA,NA,NA,NA,NA,NA,NA,NA,NA,NA,NA,350066,NA,NA,NA,NA,NA,NA,NA,NA,NA,NA,NA,NA,NA,NA,NA,NA,"Boston - Dante Alighieri Montessori School","MATH","           6",26,"           1",4,"           5",22,"          14",61,"           3",13,"          23",490.1,NA,"          10",20,"Boston - Dante Alighieri Montessori School","ELA","          11",48,"           1",4,"          10",43,"           9",39,"           3",13,"          23",496.6,NA,"          10",30
"26",-71.0805044103435,42.3261528470959,131,3346,150,"Dearborn Bldg","35 Greenville Street","Roxbury",2119,1260,1260,"Dearborn Academy","Dearborn Academy","6/7-12"," "," ",769605.963,2944154.655,"Dearborn","0035","Boston","00350074","Suffolk",419,0,0,0,0,0,0,0,94,58,61,82,56,35,33,0,"Boston - Dearborn","     174","       5","   2.9","   3.1","   0.0","   5.1","   2.8","Boston - Dearborn","      53","408","","433",350074,"Boston - Dearborn","SCIENCE AND TECH/ENG",17,21,1,1,16,20,34,43,29,36,80,52.8,"N/A","N/A","Boston - Dearborn","MATH","          23",16,"           0",0,"          23",16,"          78",53,"          47",32,"         148",478.8,47.1,"         126",4,"Boston - Dearborn","ELA","          15",10,"           0",0,"          15",10,"          74",49,"          61",41,"         150",474.5,40,"         121",2
"27",-71.1077206018703,42.2867586577462,66,71,92,"Haley Bldg","570 American Legion Highway","Roslindale",2131,4210,4210,"Haley K-8","Haley K-8","K-8"," "," ",762311.957842,2929763.37301,"Dennis C Haley","0035","Boston","00350077","Suffolk",422,27,38,41,40,46,46,47,66,28,43,0,0,0,0,0,NA,NA,NA,NA,NA,NA,NA,NA,NA,NA,NA,NA,NA,350077,"Boston - Dennis C Haley","SCIENCE AND TECH/ENG",15,14,2,2,13,12,45,42,46,43,106,50.5,"N/A","N/A","Boston - Dennis C Haley","MATH","          72",25,"           7",2,"          65",23,"         135",48,"          77",27,"         284",485.8,48.4,"         233",11,"Boston - Dennis C Haley","ELA","         123",44,"          17",6,"         106",38,"         104",37,"          55",20,"         282",493.9,60.2,"         231",21
"28",-71.0343075831713,42.3692736759597,8,8,11,"Mckay Bldg","122 Cottage Street","East Boston",2128,4360,4360,"McKay K-8","McKay K-8","K-8"," "," ",782012.09674,2959933.10018,"Donald Mckay","0035","Boston","00350080","Suffolk",811,22,67,59,84,86,91,96,101,101,104,0,0,0,0,0,NA,NA,NA,NA,NA,NA,NA,NA,NA,NA,NA,NA,NA,350080,"Boston - Donald Mckay","SCIENCE AND TECH/ENG",9,6,2,1,7,4,79,50,70,44,158,48.1,"N/A","N/A","Boston - Donald Mckay","MATH","         134",27,"           4",1,"         130",26,"         284",56,"          86",17,"         504",488.7,44.1,"         379",16,"Boston - Donald Mckay","ELA","         178",35,"           8",2,"         170",34,"         249",49,"          77",15,"         504",492.3,58.2,"         380",17
"29",-71.0918905970026,42.2717886547424,119,125,76,"Mattapan Eec Bldg","108 Babson Street","Mattapan",2126,4440,4440,"Ellison/ Parks ELC","Ellison/ Parks ELC","ELC"," "," ",766621.396246,2924328.19243,"Dr. Catherine Ellison-Rosa Parks Early Ed School","0035","Boston","00350008","Suffolk",191,49,38,36,36,32,0,0,0,0,0,0,0,0,0,0,NA,NA,NA,NA,NA,NA,NA,NA,NA,NA,NA,NA,NA,350008,NA,NA,NA,NA,NA,NA,NA,NA,NA,NA,NA,NA,NA,NA,NA,NA,"Boston - Dr. Catherine Ellison-Rosa Parks Early Ed School","MATH","           4",14,"           0",0,"           4",14,"          20",69,"           5",17,"          29",485.7,NA,"",11,"Boston - Dr. Catherine Ellison-Rosa Parks Early Ed School","ELA","           6",21,"           2",7,"           4",14,"          20",69,"           3",10,"          29",491,NA,"",14
"30",-71.062220644048,42.2939667268092,49,53,69,"Ohearn Bldg","1669 Dorchester Avenue","Dorchester",2122,4391,4391,"Henderson Lower (K0-1)","Henderson Lower (K0-1)","K-12"," "," ",774609.999997,2932449.99999,"Dr. William Henderson Lower","0035","Boston","00350266","Suffolk",215,77,68,70,0,0,0,0,0,0,0,0,0,0,0,0,NA,NA,NA,NA,NA,NA,NA,NA,NA,NA,NA,NA,NA,350266,NA,NA,NA,NA,NA,NA,NA,NA,NA,NA,NA,NA,NA,NA,NA,NA,NA,NA,NA,NA,NA,NA,NA,NA,NA,NA,NA,NA,NA,NA,NA,NA,NA,NA,NA,NA,NA,NA,NA,NA,NA,NA,NA,NA,NA,NA,NA,NA,NA,NA
"31",-71.0695699268391,42.2812617274603,52,56,72,"Wilson Bldg","18 Croftland Avenue","Dorchester",2124,1140,1140,"Henderson Upper (2-12)","Henderson Upper (2-12)","K-12"," "," ",772644.999995,2927809.99999,"Dr. William Henderson Upper","0035","Boston","00350426","Suffolk",630,0,0,0,71,45,47,41,66,51,60,63,62,57,58,9,"Boston - Dr. William Henderson Upper","     229","       9","   3.9","   3.4","   5.4","   3.5","   3.4","Boston - Dr. William Henderson Upper","      47","440","","444",350426,"Boston - Dr. William Henderson Upper","SCIENCE AND TECH/ENG",36,23,3,2,33,21,85,54,35,22,156,63.8,"N/A","N/A","Boston - Dr. William Henderson Upper","MATH","         134",43,"          18",6,"         116",37,"         136",44,"          41",13,"         311",497.9,51.5,"         231",45,"Boston - Dr. William Henderson Upper","ELA","         125",40,"           6",2,"         119",38,"         136",44,"          50",16,"         311",494.8,43.4,"         227",24
"32",-71.073373662772,42.3219274725383,123,130,30,"Emerson Building","6 Shirley St","Roxbury",2119,4123,4123,"Dudley Street Neighborhood Charter School","Dudley St NCS","ES"," "," ",771541.56295,2942624.04362,"Dudley Street Neighborhood Charter School","0407","Dudley Street Neighborhood Charter School (District)","04070405","Suffolk",256,39,33,38,42,39,37,28,0,0,0,0,0,0,0,0,NA,NA,NA,NA,NA,NA,NA,NA,NA,NA,NA,NA,NA,4070405,"Dudley Street Neighborhood Charter School (District) - Dudley Street Neighborhood Charter School","SCIENCE AND TECH/ENG",4,13,0,0,4,13,13,42,14,45,31,48.4,"N/A","N/A","Dudley Street Neighborhood Charter School (District) - Dudley Street Neighborhood Charter School","MATH","          26",23,"           1",1,"          25",22,"          69",61,"          19",17,"         114",486.6,48.5,"          69",13,"Dudley Street Neighborhood Charter School (District) - Dudley Street Neighborhood Charter School","ELA","          36",32,"           2",2,"          34",30,"          58",51,"          20",18,"         114",491.8,40.6,"          68",17
"33",-71.0341199492196,42.3696760227735,7,7,10,"East Boston Eec Bldg","135 Gove Street","East Boston",2128,4450,4450,"East Boston EEC","East Boston EEC","ELC"," "," ",782062.000004,2960079.99998,"East Boston Early Childhood Center","0035","Boston","00350009","Suffolk",184,74,61,49,0,0,0,0,0,0,0,0,0,0,0,0,NA,NA,NA,NA,NA,NA,NA,NA,NA,NA,NA,NA,NA,350009,NA,NA,NA,NA,NA,NA,NA,NA,NA,NA,NA,NA,NA,NA,NA,NA,NA,NA,NA,NA,NA,NA,NA,NA,NA,NA,NA,NA,NA,NA,NA,NA,NA,NA,NA,NA,NA,NA,NA,NA,NA,NA,NA,NA,NA,NA,NA,NA,NA,NA
"34",-71.0349214342557,42.3809574571799,5,5,7,"East Boston High Bldg","86 White Street","East Boston",2128,1070,1070,"East Boston High","East Boston HS","HS"," "," ",781823.000004,2964189.99999,"East Boston High","0035","Boston","00350530","Suffolk",1189,0,0,0,0,0,0,0,0,0,0,292,272,263,351,11,"Boston - East Boston High","   1,344","      86","   6.4","   6.8","   7.7","   5.6","   5.9","Boston - East Boston High","     281","462","","463",350530,"Boston - East Boston High","SCIENCE AND TECH/ENG",93,47,27,14,66,34,77,39,26,13,196,77.4,"N/A","N/A",NA,NA,NA,NA,NA,NA,NA,NA,NA,NA,NA,NA,NA,NA,NA,NA,NA,NA,NA,NA,NA,NA,NA,NA,NA,NA,NA,NA,NA,NA,NA,NA,NA,NA
"35",-71.1601906226795,42.3455886672831,97,103,133,"Edison Bldg","60 Glenmont Road","Brighton",2135,4178,4178,"Edison K-8","Edison K-8","K-8"," "," ",748029.00602,2951141.15716,"Edison K-8","0035","Boston","00350375","Suffolk",603,21,48,60,73,60,79,61,76,66,59,0,0,0,0,0,NA,NA,NA,NA,NA,NA,NA,NA,NA,NA,NA,NA,NA,350375,"Boston - Edison K-8","SCIENCE AND TECH/ENG",11,10,3,3,8,7,34,30,70,61,115,39.6,"N/A","N/A","Boston - Edison K-8","MATH","         109",30,"          14",4,"          95",26,"         163",44,"          95",26,"         367",485.9,58.8,"         259",12,"Boston - Edison K-8","ELA","          89",24,"           7",2,"          82",22,"         168",45,"         113",31,"         370",484.2,56.6,"         266",6
"36",-71.0597697601254,42.3136876117838,109,115,146,"Everett Bldg","71 Pleasant Street","Dorchester",2125,4140,4140,"Everett Elementary","Everett","ES"," "," ",775235.999998,2939640,"Edward Everett","0035","Boston","00350088","Suffolk",264,20,43,37,43,35,40,46,0,0,0,0,0,0,0,0,NA,NA,NA,NA,NA,NA,NA,NA,NA,NA,NA,NA,NA,350088,"Boston - Edward Everett","SCIENCE AND TECH/ENG",1,3,0,0,1,3,20,63,11,34,32,49.2,"N/A","N/A","Boston - Edward Everett","MATH","          43",37,"           5",4,"          38",33,"          61",53,"          12",10,"         116",495.8,63.5,"          74",37,"Boston - Edward Everett","ELA","          51",44,"           5",4,"          46",39,"          59",50,"           7",6,"         117",498.2,54,"          74",36
"37",-71.0915306001671,42.3414586682552,82,88,116,"Health Careers Academy","110 The Fenway","Boston",2115,1440,1440,"Kennedy Health Careers Academy (11-12)","Kennedy HCA (11-12)","HS"," "," ",766597.24495,2949717.52314,"Edward M. Kennedy Academy for Health Careers (Horace Mann Charter School)","0452","Edward M. Kennedy Academy for Health Careers (Horace Mann Charter) (District)","04520505","Suffolk",383,0,0,0,0,0,0,0,0,0,0,105,100,90,88,0,"Edward M. Kennedy Academy for Health Careers (Horace Mann Charter) (District) - Edward M. Kennedy Academy for Health Careers (Horace Mann Charter School)","     380","       2","   0.5","   0.0","   1.9","   0.0","   0.0","Edward M. Kennedy Academy for Health Careers (Horace Mann Charter) (District) - Edward M. Kennedy Academy for Health Careers (Horace Mann Charter School)","     132","452","","460",4520505,"Edward M. Kennedy Academy for Health Careers (Horace Mann Charter) (District) - Edward M. Kennedy Academy for Health Careers (Horace Mann Charter School)","SCIENCE AND TECH/ENG",45,52,1,1,44,51,40,46,2,2,87,80.5,"N/A","N/A",NA,NA,NA,NA,NA,NA,NA,NA,NA,NA,NA,NA,NA,NA,NA,NA,NA,NA,NA,NA,NA,NA,NA,NA,NA,NA,NA,NA,NA,NA,NA,NA,NA,NA
"38",-71.1069357708023,42.3262927572333,79,85,111,"Hennigan Bldg","200 Heath Street","Jamaica Plain",2130,4231,4231,"West Zone ELC","West Zone ELC","ELC","Shared"," ",762457.929921,2944171.21852,"ELC - West Zone","0035","Boston","00350006","Suffolk",111,46,33,32,0,0,0,0,0,0,0,0,0,0,0,0,NA,NA,NA,NA,NA,NA,NA,NA,NA,NA,NA,NA,NA,350006,NA,NA,NA,NA,NA,NA,NA,NA,NA,NA,NA,NA,NA,NA,NA,NA,NA,NA,NA,NA,NA,NA,NA,NA,NA,NA,NA,NA,NA,NA,NA,NA,NA,NA,NA,NA,NA,NA,NA,NA,NA,NA,NA,NA,NA,NA,NA,NA,NA,NA
"39",-71.0533696697075,42.3661027415912,14,14,17,"Eliot Bldg","16 Charter Street","Boston",2113,4381,4381,"Eliot K-8","Eliot K-8","K-8"," "," ",776866.999999,2958750.00002,"Eliot Elementary","0035","Boston","00350096","Suffolk",675,58,77,79,82,87,94,63,81,24,30,0,0,0,0,0,NA,NA,NA,NA,NA,NA,NA,NA,NA,NA,NA,NA,NA,350096,"Boston - Eliot Elementary","SCIENCE AND TECH/ENG",36,38,13,14,23,24,45,47,15,16,96,70.3,"N/A","N/A","Boston - Eliot Elementary","MATH","         207",63,"          62",19,"         145",44,"         105",32,"          14",4,"         326",508.6,47.5,"         222",84,"Boston - Eliot Elementary","ELA","         208",64,"          63",19,"         145",44,"         102",31,"          16",5,"         326",508.4,50.1,"         222",76
"40",-71.0928915954457,42.3163342995574,42,45,56,"Ellis Bldg","302 Walnut Avenue","Roxbury",2119,4240,4240,"Ellis Elementary","Ellis","ES"," "," ",766272.999989,2940560,"Ellis Mendell","0035","Boston","00350100","Suffolk",273,23,42,42,42,41,44,39,0,0,0,0,0,0,0,0,NA,NA,NA,NA,NA,NA,NA,NA,NA,NA,NA,NA,NA,350100,"Boston - Ellis Mendell","SCIENCE AND TECH/ENG",8,28,2,7,6,21,13,45,8,28,29,63.8,"N/A","N/A","Boston - Ellis Mendell","MATH","          52",46,"          12",11,"          40",36,"          38",34,"          22",20,"         112",496.4,43.7,"          66",39,"Boston - Ellis Mendell","ELA","          61",54,"          28",25,"          33",29,"          42",38,"           9",8,"         112",508.7,52.9,"          66",77
"41",-71.0448905841069,42.3328686686498,25,25,36,"South Boston Ed. Bldg","95 G Street","South Boston",2127,1162,1162,"Excel High","Excel HS","HS"," ","S. Boston EC",779223.039425,2946651.00928,"Excel High School","0035","Boston","00350522","Suffolk",518,0,0,0,0,0,0,0,0,0,0,128,135,134,121,0,"Boston - Excel High School","     491","      13","   2.6","   4.3","   2.7","   2.1","   1.7","Boston - Excel High School","     142","429","","453",350522,"Boston - Excel High School","SCIENCE AND TECH/ENG",25,36,3,4,22,31,35,50,10,14,70,70.4,"N/A","N/A",NA,NA,NA,NA,NA,NA,NA,NA,NA,NA,NA,NA,NA,NA,NA,NA,NA,NA,NA,NA,NA,NA,NA,NA,NA,NA,NA,NA,NA,NA,NA,NA,NA,NA
"42",-71.0991780211634,42.3305882774394,83,89,118,"Mission Hill Bldg","67 Alleghany Street","Roxbury",2120,1265,1265,"Fenway High","Fenway HS","HS"," "," ",764548.382701,2945746.345,"Fenway High School","0035","Boston","00350540","Suffolk",377,0,0,0,0,0,0,0,0,0,0,104,93,93,84,3,"Boston - Fenway High School","     364","       7","   1.9","   2.9","   3.1","   0.0","   1.3","Boston - Fenway High School","      99","446","","454",350540,"Boston - Fenway High School","SCIENCE AND TECH/ENG",49,56,8,9,41,47,37,42,2,2,88,82.7,"N/A","N/A",NA,NA,NA,NA,NA,NA,NA,NA,NA,NA,NA,NA,NA,NA,NA,NA,NA,NA,NA,NA,NA,NA,NA,NA,NA,NA,NA,NA,NA,NA,NA,NA,NA,NA
"43",-71.1328806080613,42.2338986470213,116,122,998,"New Roosevelt Bldg","30 Millstone Road","Hyde Park",2136,4193,4193,"Roosevelt K-8 (K1-1)","Roosevelt Lower (K1-1)","K-8"," "," ",755586.978635,2910470.1729,"Franklin D Roosevelt","0035","Boston","00350116","Suffolk",438,42,42,44,43,45,45,43,52,43,39,0,0,0,0,0,NA,NA,NA,NA,NA,NA,NA,NA,NA,NA,NA,NA,NA,350116,"Boston - Franklin D Roosevelt","SCIENCE AND TECH/ENG",17,19,7,8,10,11,37,42,35,39,89,54.5,"N/A","N/A","Boston - Franklin D Roosevelt","MATH","          81",31,"           8",3,"          73",28,"         141",54,"          39",15,"         261",490.7,55.2,"         199",21,"Boston - Franklin D Roosevelt","ELA","          89",35,"           9",4,"          80",31,"         127",50,"          39",15,"         255",492.1,44.4,"         195",16
"44",-71.134110616169,42.3607686712674,107,113,144,"Gardner Bldg","30 Athol Street","Allston",2134,4160,4160,"Gardner K-8","Gardner K-8","K-8"," "," ",755055.555883,2956702.22539,"Gardner Pilot Academy","0035","Boston","00350326","Suffolk",383,26,39,43,40,40,39,36,48,36,36,0,0,0,0,0,NA,NA,NA,NA,NA,NA,NA,NA,NA,NA,NA,NA,NA,350326,"Boston - Gardner Pilot Academy","SCIENCE AND TECH/ENG",14,17,2,2,12,15,45,56,22,27,81,55.9,"N/A","N/A","Boston - Gardner Pilot Academy","MATH","          60",26,"           8",3,"          52",22,"         121",51,"          54",23,"         235",487.3,54.2,"         192",13,"Boston - Gardner Pilot Academy","ELA","          55",23,"           4",2,"          51",22,"         134",57,"          46",20,"         235",487.3,49.8,"         190",9
"45",-71.1270506086844,42.2747986550925,71,77,100,"Conley Bldg","450 Poplar Street","Roslindale",2131,4080,4080,"Conley Elementary","Conley","ES"," "," ",757100.630477,2925381.50997,"George H Conley","0035","Boston","00350122","Suffolk",200,18,19,19,25,52,23,44,0,0,0,0,0,0,0,0,NA,NA,NA,NA,NA,NA,NA,NA,NA,NA,NA,NA,NA,350122,"Boston - George H Conley","SCIENCE AND TECH/ENG",2,9,0,0,2,9,14,64,6,27,22,61.4,"N/A","N/A","Boston - George H Conley","MATH","          26",27,"           3",3,"          23",24,"          45",47,"          24",25,"          95",491.1,58.1,"          60",22,"Boston - George H Conley","ELA","          34",37,"           7",8,"          27",29,"          45",48,"          14",15,"          93",499.5,61.2,"          59",41
"46",-71.0992906018435,42.3141286629328,120,126,106,"Greater Egleston High","80 School Street","Roxbury",2119,1430,1430,"Greater Egleston High","Greater Egleston HS","HS"," "," ",764546.119796,2939748.03389,"Greater Egleston Community High School","0035","Boston","00350543","Suffolk",95,0,0,0,0,0,0,0,0,0,0,12,20,28,35,0,"Boston - Greater Egleston Community High School","     105","","","","  23.1","  64.3","","Boston - Greater Egleston Community High School","       4","","","",350543,NA,NA,NA,NA,NA,NA,NA,NA,NA,NA,NA,NA,NA,NA,NA,NA,NA,NA,NA,NA,NA,NA,NA,NA,NA,NA,NA,NA,NA,NA,NA,NA,NA,NA,NA,NA,NA,NA,NA,NA,NA,NA,NA,NA,NA,NA,NA,NA,NA,NA
"47",-71.0574922452084,42.3766285174017,10,10,13,"Harvard-Kent","50 Bunker Hill Street","Charlestown",2129,4280,4280,"Harvard/Kent Elem","Harvard/Kent","ES"," "," ",775732.999998,2962579.99999,"Harvard-Kent","0035","Boston","00350200","Suffolk",413,43,46,49,54,58,72,91,0,0,0,0,0,0,0,0,NA,NA,NA,NA,NA,NA,NA,NA,NA,NA,NA,NA,NA,350200,"Boston - Harvard-Kent","SCIENCE AND TECH/ENG",15,22,4,6,11,16,38,56,15,22,68,60.3,"N/A","N/A","Boston - Harvard-Kent","MATH","         111",47,"          26",11,"          85",36,"          95",41,"          28",12,"         234",500,43.2,"         161",53,"Boston - Harvard-Kent","ELA","          98",42,"          14",6,"          84",36,"         123",52,"          14",6,"         235",497.6,52.3,"         164",34
"48",-71.0789391290922,42.3149668544794,39,42,53,"Blue Hill Ave Eec Bldg","263 Blue Hill Ave","Roxbury",2119,4460,4460,"Haynes EEC","Haynes EEC","ELC"," "," ",770048.999993,2940080,"Haynes Early Education Center","0035","Boston","00350010","Suffolk",188,51,67,70,0,0,0,0,0,0,0,0,0,0,0,0,NA,NA,NA,NA,NA,NA,NA,NA,NA,NA,NA,NA,NA,350010,NA,NA,NA,NA,NA,NA,NA,NA,NA,NA,NA,NA,NA,NA,NA,NA,NA,NA,NA,NA,NA,NA,NA,NA,NA,NA,NA,NA,NA,NA,NA,NA,NA,NA,NA,NA,NA,NA,NA,NA,NA,NA,NA,NA,NA,NA,NA,NA,NA,NA
"49",-71.1273206070714,42.2567686510648,70,76,99,"Grew Bldg","40 Gordon Avenue","Hyde Park",2136,4200,4200,"Grew Elementary","Grew","ES"," "," ",757056.266893,2918810.81131,"Henry Grew","0035","Boston","00350135","Suffolk",239,22,43,37,38,31,49,19,0,0,0,0,0,0,0,0,NA,NA,NA,NA,NA,NA,NA,NA,NA,NA,NA,NA,NA,350135,"Boston - Henry Grew","SCIENCE AND TECH/ENG",2,6,0,0,2,6,22,63,11,31,35,47.9,"N/A","N/A","Boston - Henry Grew","MATH","          32",30,"           1",1,"          31",29,"          59",56,"          15",14,"         106",489.6,35.9,"          57",18,"Boston - Henry Grew","ELA","          40",38,"           2",2,"          38",36,"          60",57,"           6",6,"         106",495.8,47,"          57",28
"50",-71.09202957055,42.3176601893892,127,1736,52,"Higginson Bldg","160 Harrishof Street","Roxbury",2119,4241,4241,"Higginson Elementary (K1-2)","Higginson (K1-2)","ES"," "," ",766503.829431,2941044.29029,"Higginson","0035","Boston","00350015","Suffolk",168,29,42,46,51,0,0,0,0,0,0,0,0,0,0,0,NA,NA,NA,NA,NA,NA,NA,NA,NA,NA,NA,NA,NA,350015,NA,NA,NA,NA,NA,NA,NA,NA,NA,NA,NA,NA,NA,NA,NA,NA,NA,NA,NA,NA,NA,NA,NA,NA,NA,NA,NA,NA,NA,NA,NA,NA,NA,NA,NA,NA,NA,NA,NA,NA,NA,NA,NA,NA,NA,NA,NA,NA,NA,NA
"51",-71.0863095666742,42.3209483431821,38,41,51,"Lewis Bldg","131 Walnut Avenue","Roxbury",2119,4242,4242,"Higginson/Lewis (3-8)","Higginson/Lewis (3-8)","K-8"," "," ",768044.999991,2942250,"Higginson/Lewis K-8","0035","Boston","00350377","Suffolk",261,0,0,0,2,37,61,45,53,39,24,0,0,0,0,0,NA,NA,NA,NA,NA,NA,NA,NA,NA,NA,NA,NA,NA,350377,"Boston - Higginson/Lewis K-8","SCIENCE AND TECH/ENG",2,3,0,0,2,3,29,37,47,60,78,41.7,"N/A","N/A","Boston - Higginson/Lewis K-8","MATH","          18",7,"           0",0,"          18",7,"         118",44,"         132",49,"         268",474.3,39.7,"         167",2,"Boston - Higginson/Lewis K-8","ELA","          27",10,"           0",0,"          27",10,"         130",49,"         111",41,"         268",477.6,41.5,"         167",3
"52",-71.1377006159088,42.352058669049,104,110,142,"Jackson Mann Bldg","40 Armington Street","Allston",2134,4610,4610,"Horace Mann","Horace Mann K-12","Special","Shared"," ",754098.776714,2953523.97847,"Horace Mann School for the Deaf","0035","Boston","00350750","Suffolk",88,2,2,8,6,6,8,0,9,4,6,7,3,11,11,5,"Boston - Horace Mann School for the Deaf","      33","       0","   0.0","","   0.0","   0.0","   0.0",NA,NA,NA,NA,NA,350750,"Boston - Horace Mann School for the Deaf","SCIENCE AND TECH/ENG",0,0,0,0,0,0,10,40,15,60,25,51,"N/A","N/A","Boston - Horace Mann School for the Deaf","MATH","           0",0,"           0",0,"           0",0,"           6",20,"          24",80,"          30",466.6,NA,"          10",2,"Boston - Horace Mann School for the Deaf","ELA","           0",0,"           0",0,"           0",0,"           5",17,"          25",83,"          30",470.9,NA,"           6",NA
"53",-71.0380107181542,42.3780886172121,4,4,6,"Odonnell Bldg","33 Trenton Street","East Boston",2128,4543,4543,"O'Donnell Elementary","O'Donnell","ES"," "," ",780994.000003,2963139.99999,"Hugh Roe O'Donnell","0035","Boston","00350141","Suffolk",265,21,38,45,40,41,43,37,0,0,0,0,0,0,0,0,NA,NA,NA,NA,NA,NA,NA,NA,NA,NA,NA,NA,NA,350141,"Boston - Hugh Roe O'Donnell","SCIENCE AND TECH/ENG",1,3,0,0,1,3,21,64,11,33,33,50,"N/A","N/A","Boston - Hugh Roe O'Donnell","MATH","          27",25,"           2",2,"          25",24,"          64",60,"          15",14,"         106",487.9,61.8,"          55",14,"Boston - Hugh Roe O'Donnell","ELA","          27",26,"           1",1,"          26",25,"          66",65,"           9",9,"         102",489.1,60.7,"          54",11
"54",-71.1377006159088,42.352058669049,105,111,142,"Jackson Mann Bldg","40 Armington Street","Allston",2134,4620,4620,"Jackson/Mann K-8","Jackson/Mann K-8","K-8","Shared"," ",754098.776714,2953523.97847,"Jackson Mann","0035","Boston","00350013","Suffolk",610,51,63,57,62,71,86,72,66,45,37,0,0,0,0,0,NA,NA,NA,NA,NA,NA,NA,NA,NA,NA,NA,NA,NA,350013,"Boston - Jackson Mann","SCIENCE AND TECH/ENG",21,17,5,4,16,13,58,48,42,35,121,57,"N/A","N/A","Boston - Jackson Mann","MATH","         108",30,"          15",4,"          93",26,"         154",43,"         100",28,"         362",488.7,46.8,"         269",16,"Boston - Jackson Mann","ELA","         100",27,"          19",5,"          81",22,"         163",45,"         101",28,"         364",489.3,51.7,"         270",11
"55",-71.1047806004288,42.2672586544079,63,67,87,"Chittick Bldg","154 Ruskindale Road","Mattapan",2126,4070,4070,"Chittick Elementary","Chittick","ES"," "," ",763140.399858,2922660.97093,"James J Chittick","0035","Boston","00350154","Suffolk",278,44,40,39,45,39,40,31,0,0,0,0,0,0,0,0,NA,NA,NA,NA,NA,NA,NA,NA,NA,NA,NA,NA,NA,350154,"Boston - James J Chittick","SCIENCE AND TECH/ENG",3,8,0,0,3,8,25,68,9,24,37,57.4,"N/A","N/A","Boston - James J Chittick","MATH","          23",19,"           1",1,"          22",18,"          67",56,"          29",24,"         119",484.7,40.8,"          72",10,"Boston - James J Chittick","ELA","          36",30,"           3",3,"          33",28,"          65",55,"          18",15,"         119",491.2,43.1,"          72",15
"56",-71.0338905839197,42.3752786771506,3,3,4,"Otis Bldg","218 Marion Street","East Boston",2128,4322,4322,"Otis Elementary","Otis","ES"," "," ",782112.823908,2962122.05733,"James Otis","0035","Boston","00350156","Suffolk",393,46,60,59,58,64,63,43,0,0,0,0,0,0,0,0,NA,NA,NA,NA,NA,NA,NA,NA,NA,NA,NA,NA,NA,350156,"Boston - James Otis","SCIENCE AND TECH/ENG",10,25,3,8,7,18,19,48,11,28,40,60.6,"N/A","N/A","Boston - James Otis","MATH","          73",47,"           6",4,"          67",44,"          64",42,"          17",11,"         154",496.5,66,"          89",40,"Boston - James Otis","ELA","          56",36,"           3",2,"          53",34,"          74",48,"          25",16,"         155",491.7,45.9,"          91",16
"57",-71.0909705993155,42.3303986662493,36,39,49,"Timilty Bldg","205 Roxbury Street","Roxbury",2119,2040,2040,"Timilty Middle","Timilty MS","MS"," "," ",766767.96863,2945687.78285,"James P Timilty Middle","0035","Boston","00350485","Suffolk",308,0,0,0,0,0,0,0,99,98,111,0,0,0,0,0,NA,NA,NA,NA,NA,NA,NA,NA,NA,NA,NA,NA,NA,350485,"Boston - James P Timilty Middle","SCIENCE AND TECH/ENG",3,3,0,0,3,3,35,30,79,68,117,34,"N/A","N/A","Boston - James P Timilty Middle","MATH","          34",12,"           4",1,"          30",10,"         120",41,"         136",47,"         290",475,33.9,"         256",3,"Boston - James P Timilty Middle","ELA","          53",18,"           6",2,"          47",16,"         128",44,"         109",38,"         290",479.4,45.6,"         253",3
"58",-71.1069106901826,42.3256221229897,118,124,111,"Hennigan Bldg","200 Heath Street","Jamaica Plain",2130,4230,4230,"Hennigan K-8","Hennigan K-8","K-8","Shared"," ",762465.838572,2943926.85873,"James W Hennigan","0035","Boston","00350153","Suffolk",581,0,35,41,59,65,70,110,91,52,58,0,0,0,0,0,NA,NA,NA,NA,NA,NA,NA,NA,NA,NA,NA,NA,NA,350153,"Boston - James W Hennigan","SCIENCE AND TECH/ENG",15,12,3,2,12,9,50,39,62,49,127,43.9,"N/A","N/A","Boston - James W Hennigan","MATH","          70",18,"           5",1,"          65",17,"         213",54,"         108",28,"         391",481.5,50.4,"         310",6,"Boston - James W Hennigan","ELA","          96",25,"          17",4,"          79",20,"         191",49,"         101",26,"         388",486.1,53.4,"         311",7
"59",-71.0816252357091,42.306818760665,112,118,150,"Burke High School Bldg","60 Washington Street","Dorchester",2121,1120,1120,"Burke High","Burke HS","HS"," "," ",769337.072736,2937107.129,"Jeremiah E Burke High","0035","Boston","00350525","Suffolk",403,0,0,0,0,0,0,0,0,0,0,83,93,107,120,0,"Boston - Jeremiah E Burke High","     472","      35","   7.4","   9.8","   8.0","   4.4","   7.7","Boston - Jeremiah E Burke High","     110","416","","435",350525,"Boston - Jeremiah E Burke High","SCIENCE AND TECH/ENG",13,33,0,0,13,33,26,65,1,3,40,70.6,"N/A","N/A",NA,NA,NA,NA,NA,NA,NA,NA,NA,NA,NA,NA,NA,NA,NA,NA,NA,NA,NA,NA,NA,NA,NA,NA,NA,NA,NA,NA,NA,NA,NA,NA,NA,NA
"60",-71.1177406061388,42.2854086569104,65,70,91,"Philbrick Bldg","40 Philbrick Street","Roslindale",2131,4561,4561,"Philbrick Elementary","Philbrick","ES"," "," ",759602.913871,2929259.10274,"John D Philbrick","0035","Boston","00350172","Suffolk",160,10,19,21,23,20,47,20,0,0,0,0,0,0,0,0,NA,NA,NA,NA,NA,NA,NA,NA,NA,NA,NA,NA,NA,350172,"Boston - John D Philbrick","SCIENCE AND TECH/ENG",2,13,1,6,1,6,7,44,7,44,16,51.6,"N/A","N/A","Boston - John D Philbrick","MATH","          20",24,"           2",2,"          18",21,"          51",60,"          14",16,"          85",487.3,37.4,"          37",13,"Boston - John D Philbrick","ELA","          32",38,"           6",7,"          26",31,"          42",49,"          11",13,"          85",495.8,33.9,"          38",28
"61",-71.1058393825734,42.3217853270857,78,84,110,"Kennedy, J  Bldg","7 Bolster Street","Jamaica Plain",2130,4270,4270,"Kennedy John F Elemen","JF Kennedy","ES"," "," ",762761.999986,2942530,"John F Kennedy","0035","Boston","00350166","Suffolk",371,26,58,56,60,60,68,43,0,0,0,0,0,0,0,0,NA,NA,NA,NA,NA,NA,NA,NA,NA,NA,NA,NA,NA,350166,"Boston - John F Kennedy","SCIENCE AND TECH/ENG",2,4,0,0,2,4,18,38,27,57,47,43.6,"N/A","N/A","Boston - John F Kennedy","MATH","          40",24,"           0",0,"          40",24,"          91",54,"          39",23,"         170",484,34.6,"          98",8,"Boston - John F Kennedy","ELA","          47",28,"           2",1,"          45",27,"          89",53,"          33",20,"         169",489.1,40.3,"          99",11
"62",-71.043500582554,42.3180286655295,114,120,153,"Mccormack Bldg","315 Mt. Vernon Street","Dorchester",2125,2190,2190,"McCormack Middle","McCormack MS","MS"," "," ",779627.818818,2941245.07808,"John W McCormack","0035","Boston","00350179","Suffolk",365,0,0,0,0,0,0,0,121,120,124,0,0,0,0,0,NA,NA,NA,NA,NA,NA,NA,NA,NA,NA,NA,NA,NA,350179,"Boston - John W McCormack","SCIENCE AND TECH/ENG",3,3,0,0,3,3,40,34,74,63,117,34.4,"N/A","N/A","Boston - John W McCormack","MATH","          63",20,"           3",1,"          60",19,"         160",50,"          97",30,"         320",480.8,49.2,"         283",6,"Boston - John W McCormack","ELA","          36",11,"           0",0,"          36",11,"         144",44,"         144",44,"         324",474.7,43.3,"         285",2
"63",-71.0756266008366,42.3182026505098,43,46,57,"Winthrop Bldg","35 Brookford Street","Dorchester",2125,4052,4052,"Winthrop Elementary","Winthrop","ES"," "," ",770939.048026,2941263.61709,"John Winthrop","0035","Boston","00350180","Suffolk",308,35,53,45,55,39,43,38,0,0,0,0,0,0,0,0,NA,NA,NA,NA,NA,NA,NA,NA,NA,NA,NA,NA,NA,350180,"Boston - John Winthrop","SCIENCE AND TECH/ENG",7,16,1,2,6,14,28,64,9,20,44,60.2,"N/A","N/A","Boston - John Winthrop","MATH","          33",24,"           3",2,"          30",22,"          80",59,"          23",17,"         136",488.7,52.8,"          87",16,"Boston - John Winthrop","ELA","          34",25,"           0",0,"          34",25,"          84",62,"          18",13,"         136",488.5,49,"          84",10
"64",-71.0777405958249,42.3387586686704,20,20,27,"Hurley Bldg","70 Worcester Street","Boston",2118,4260,4260,"Hurley K-8","Hurley K-8","K-8"," "," ",770330.236569,2948751.74884,"Joseph J Hurley","0035","Boston","00350182","Suffolk",350,28,41,44,48,43,44,34,36,16,16,0,0,0,0,0,NA,NA,NA,NA,NA,NA,NA,NA,NA,NA,NA,NA,NA,350182,"Boston - Joseph J Hurley","SCIENCE AND TECH/ENG",9,18,1,2,8,16,30,59,12,24,51,59.8,"N/A","N/A","Boston - Joseph J Hurley","MATH","          98",54,"          12",7,"          86",48,"          74",41,"           8",4,"         180",500.8,47.3,"         136",57,"Boston - Joseph J Hurley","ELA","          99",55,"          14",8,"          85",47,"          73",41,"           8",4,"         180",503.4,47,"         136",56
"65",-71.0803754192456,42.2924381049443,58,62,80,"Lee Bldg","155 Talbot Avenue","Dorchester",2124,4290,4290,"Lee K-8","Lee K-8","K-8"," "," ",769700.926306,2931868.26054,"Joseph Lee","0035","Boston","00350183","Suffolk",653,60,59,48,58,60,83,77,91,56,61,0,0,0,0,0,NA,NA,NA,NA,NA,NA,NA,NA,NA,NA,NA,NA,NA,350183,"Boston - Joseph Lee","SCIENCE AND TECH/ENG",11,9,3,2,8,7,51,41,61,50,123,57.9,"N/A","N/A","Boston - Joseph Lee","MATH","          57",15,"           5",1,"          52",13,"         166",42,"         169",43,"         392",482.5,44.7,"         266",7,"Boston - Joseph Lee","ELA","         101",26,"          26",7,"          75",19,"         167",43,"         124",32,"         392",493,54.4,"         265",19
"66",-71.1314906110075,42.3055886604069,89,95,124,"Manning Bldg","130 Louders Lane","Jamaica Plain",2130,4311,4311,"Manning Elementary","Manning","ES"," "," ",755850.534732,2936596.64227,"Joseph P Manning","0035","Boston","00350184","Suffolk",147,10,22,23,24,23,25,20,0,0,0,0,0,0,0,0,NA,NA,NA,NA,NA,NA,NA,NA,NA,NA,NA,NA,NA,350184,"Boston - Joseph P Manning","SCIENCE AND TECH/ENG",11,44,2,8,9,36,13,52,1,4,25,78,"N/A","N/A","Boston - Joseph P Manning","MATH","          41",59,"           7",10,"          34",49,"          20",29,"           9",13,"          70",500.4,71,"          45",55,"Boston - Joseph P Manning","ELA","          46",66,"           7",10,"          39",56,"          19",27,"           5",7,"          70",505.3,67.2,"          45",65
"67",-71.0384112844121,42.3348707077956,26,27,37,"Tynan Bldg","650 E. Fourth Street","South Boston",2127,4590,4590,"Tynan Elementary","Tynan","ES"," "," ",780971.000003,2947390,"Joseph P Tynan","0035","Boston","00350181","Suffolk",229,29,51,34,31,23,32,29,0,0,0,0,0,0,0,0,NA,NA,NA,NA,NA,NA,NA,NA,NA,NA,NA,NA,NA,350181,"Boston - Joseph P Tynan","SCIENCE AND TECH/ENG",3,9,0,0,3,9,13,41,16,50,32,61.7,"N/A","N/A","Boston - Joseph P Tynan","MATH","          24",25,"           1",1,"          23",24,"          36",38,"          35",37,"          95",490.1,68.5,"          54",20,"Boston - Joseph P Tynan","ELA","          24",26,"           0",0,"          24",26,"          41",44,"          29",31,"          94",493,64.3,"          54",19
"68",-71.0649205923326,42.3479786705408,16,16,22,"Boston HS Bldg","885 Washington Street","Boston",2111,4650,4650,"Quincy Lower (K-5)","Quincy Lower (K-5)","K-12"," "," ",773779.124764,2952129.10459,"Josiah Quincy","0035","Boston","00350286","Suffolk",803,75,113,116,122,125,120,132,0,0,0,0,0,0,0,0,NA,NA,NA,NA,NA,NA,NA,NA,NA,NA,NA,NA,NA,350286,"Boston - Josiah Quincy","SCIENCE AND TECH/ENG",62,44,28,20,34,24,60,43,19,13,141,74.5,"N/A","N/A","Boston - Josiah Quincy","MATH","         205",54,"          28",7,"         177",46,"         130",34,"          47",12,"         382",500.6,48.9,"         252",56,"Boston - Josiah Quincy","ELA","         182",48,"          27",7,"         155",41,"         163",43,"          37",10,"         382",500.3,50.3,"         252",43
"69",-71.1625701257407,42.2718858198013,94,100,130,"Kilmer Bldg","35 Baker Street","West Roxbury",2132,4031,4031,"Kilmer Lower (K1-3)","Kilmer Lower (K1-3)","K-8"," "," ",747492.000004,2924280.00002,"Joyce Kilmer","0035","Boston","00350190","Suffolk",439,37,40,59,40,47,51,63,60,14,28,0,0,0,0,0,NA,NA,NA,NA,NA,NA,NA,NA,NA,NA,NA,NA,NA,350190,"Boston - Joyce Kilmer","SCIENCE AND TECH/ENG",24,33,4,5,20,27,29,40,20,27,73,68.2,"N/A","N/A","Boston - Joyce Kilmer","MATH","         123",47,"          19",7,"         104",40,"         100",38,"          39",15,"         262",498.6,52.7,"         192",48,"Boston - Joyce Kilmer","ELA","         151",57,"          29",11,"         122",46,"          77",29,"          35",13,"         263",503.4,58.5,"         193",56
"70",-71.0761965934802,42.3112996633731,44,47,58,"King Bldg","77 Lawrence Avenue","Dorchester",2121,4055,4055,"King K-8","King K-8","K-8"," "," ",770797.393082,2938747.29008,"King K-8","0035","Boston","00350376","Suffolk",489,56,63,62,55,39,58,42,47,41,26,0,0,0,0,0,NA,NA,NA,NA,NA,NA,NA,NA,NA,NA,NA,NA,NA,350376,"Boston - King K-8","SCIENCE AND TECH/ENG",0,0,0,0,0,0,29,48,31,52,60,37.9,"N/A","N/A","Boston - King K-8","MATH","          26",12,"           0",0,"          26",12,"         125",56,"          72",32,"         223",477.5,46.9,"         160",3,"Boston - King K-8","ELA","          43",19,"           1",0,"          42",19,"         121",54,"          59",26,"         223",482.9,45.9,"         160",5
"71",-71.07300862697,42.2866089264034,59,63,79,"Fifield Bldg","25 Dunbar Ave.","Dorchester",2124,4291,4291,"Lee Academy (K1-3)","Lee Academy (K1-3)","ES"," "," ",771704.710723,2929753.91644,"Lee Academy","0035","Boston","00350001","Suffolk",213,55,35,34,39,50,0,0,0,0,0,0,0,0,0,0,NA,NA,NA,NA,NA,NA,NA,NA,NA,NA,NA,NA,NA,350001,NA,NA,NA,NA,NA,NA,NA,NA,NA,NA,NA,NA,NA,NA,NA,NA,"Boston - Lee Academy","MATH","          14",27,"           0",0,"          14",27,"          24",47,"          13",25,"          51",486.6,NA,"",13,"Boston - Lee Academy","ELA","          14",27,"           3",6,"          11",22,"          30",59,"           7",14,"          51",491.1,NA,"",14
"72",-71.0754108249664,42.3090540229102,45,48,59,"Frederick Middle","270 Columbia Road","Dorchester",2121,2360,2360,"Frederick Pilot Middle","Frederick MS","MS"," "," ",771013.999994,2937930,"Lilla G. Frederick Middle School","0035","Boston","00350383","Suffolk",453,0,0,0,0,0,0,0,125,161,167,0,0,0,0,0,NA,NA,NA,NA,NA,NA,NA,NA,NA,NA,NA,NA,NA,350383,"Boston - Lilla G. Frederick Middle School","SCIENCE AND TECH/ENG",15,9,0,0,15,9,66,38,94,54,175,44.7,"N/A","N/A","Boston - Lilla G. Frederick Middle School","MATH","          61",14,"           3",1,"          58",14,"         201",48,"         161",38,"         423",478.7,51.6,"         337",4,"Boston - Lilla G. Frederick Middle School","ELA","          46",11,"           3",1,"          43",10,"         155",37,"         223",53,"         424",471.9,43.2,"         338",2
"73",-71.1583706186087,42.2829986557843,96,102,132,"Shaw, R.G.  Bldg","20 Mt. Vernon Street","West Roxbury",2132,4331,4331,"Lyndon K-8","Lyndon K-8","K-8"," "," ",748612.367525,2928334.20882,"Lyndon","0035","Boston","00350262","Suffolk",619,66,65,72,75,76,57,80,59,35,34,0,0,0,0,0,NA,NA,NA,NA,NA,NA,NA,NA,NA,NA,NA,NA,NA,350262,"Boston - Lyndon","SCIENCE AND TECH/ENG",20,25,2,3,18,23,37,46,23,29,80,60.9,"N/A","N/A","Boston - Lyndon","MATH","         124",41,"          14",5,"         110",37,"         124",41,"          52",17,"         300",492.8,55.1,"         237",27,"Boston - Lyndon","ELA","         155",51,"          44",15,"         111",37,"          96",32,"          50",17,"         301",499.3,54.5,"         238",40
"74",-71.1615006236464,42.3510786684041,98,104,135,"Lyon, Mary  Bldg","50 Beechcroft Street","Brighton",2135,4171,4171,"Lyon K-8","Lyon K-8","K-12"," "," ",747666.93002,2953140.41771,"Lyon K-8","0035","Boston","00350004","Suffolk",132,0,13,12,14,15,15,15,16,18,14,0,0,0,0,0,NA,NA,NA,NA,NA,NA,NA,NA,NA,NA,NA,NA,NA,350004,"Boston - Lyon K-8","SCIENCE AND TECH/ENG",9,27,2,6,7,21,18,55,6,18,33,67.4,"N/A","N/A","Boston - Lyon K-8","MATH","          46",52,"           4",4,"          42",47,"          40",45,"           3",3,"          89",502.4,53.4,"          72",63,"Boston - Lyon K-8","ELA","          43",48,"           8",9,"          35",39,"          43",48,"           3",3,"          89",502.8,51.2,"          72",53
"75",-71.1607606236953,42.352128667809,99,105,136,"Garfield Bldg","95 Beechcroft Street","Brighton",2135,1171,1171,"Lyon, Mary 9-12","Lyon 9-12","K-12"," "," ",747865.437188,2953523.85419,"Lyon Upper 9-12","0035","Boston","00350655","Suffolk",133,0,0,0,0,0,0,0,0,0,0,30,35,29,39,0,"Boston - Lyon Upper 9-12","     124","       7","   5.6","   3.7","   5.9","   8.3","   3.7","Boston - Lyon Upper 9-12","      35","471","","471",350655,"Boston - Lyon Upper 9-12","SCIENCE AND TECH/ENG",2,9,0,0,2,9,17,74,4,17,23,57.6,"N/A","N/A",NA,NA,NA,NA,NA,NA,NA,NA,NA,NA,NA,NA,NA,NA,NA,NA,NA,NA,NA,NA,NA,NA,NA,NA,NA,NA,NA,NA,NA,NA,NA,NA,NA,NA
"76",-71.0902905997215,42.3317586666686,34,37,47,"Madison Park Bldg #1","75 Malcolm X Blvd","Roxbury",2120,1210,1210,"Madison Park High","Madison Park HS","HS"," "," ",766949.45791,2946184.2737,"Madison Park High","0035","Boston","00350537","Suffolk",887,0,0,0,0,0,0,0,0,0,0,241,272,195,150,29,"Boston - Madison Park High","     859","      52","   6.1","   2.6","   9.7","   4.0","   7.9","Boston - Madison Park High","      83","428","","435",350537,"Boston - Madison Park High","SCIENCE AND TECH/ENG",17,12,0,0,17,12,86,60,40,28,143,57.7,"N/A","N/A",NA,NA,NA,NA,NA,NA,NA,NA,NA,NA,NA,NA,NA,NA,NA,NA,NA,NA,NA,NA,NA,NA,NA,NA,NA,NA,NA,NA,NA,NA,NA,NA,NA,NA
"77",-71.0050450759994,42.3916161794587,117,123,2,"Bradley Bldg
","110 Beachview Road","East Boston",2128,4062,4062,"Bradley Elementary","Bradley","ES"," "," ",789872.444619,2968119.68196,"Manassah E Bradley","0035","Boston","00350215","Suffolk",276,28,42,42,42,43,46,33,0,0,0,0,0,0,0,0,NA,NA,NA,NA,NA,NA,NA,NA,NA,NA,NA,NA,NA,350215,"Boston - Manassah E Bradley","SCIENCE AND TECH/ENG",8,24,1,3,7,21,17,52,8,24,33,62.9,"N/A","N/A","Boston - Manassah E Bradley","MATH","          74",56,"          12",9,"          62",47,"          56",42,"           2",2,"         132",504.1,49.4,"          91",69,"Boston - Manassah E Bradley","ELA","          78",59,"          10",8,"          68",52,"          52",39,"           2",2,"         132",505.3,52.5,"          91",65
"78",-71.1144821853263,42.3072082928641,122,129,123,"Agassiz Building","20 Child St","Jamaica Plain",2130,1053,1053,"Margarita Muniz Academy","Muniz Academy","HS","Shared"," ",760448.702561,2937207.19875,"Margarita Muniz Academy","0035","Boston","00350549","Suffolk",295,0,0,0,0,0,0,0,0,0,0,85,74,74,62,0,"Boston - Margarita Muniz Academy","     298","       7","   2.3","   2.4","   1.4","   4.0","   1.5","Boston - Margarita Muniz Academy","      68","409","","440",350549,"Boston - Margarita Muniz Academy","SCIENCE AND TECH/ENG",17,33,0,0,17,33,22,42,13,25,52,62,"N/A","N/A",NA,NA,NA,NA,NA,NA,NA,NA,NA,NA,NA,NA,NA,NA,NA,NA,NA,NA,NA,NA,NA,NA,NA,NA,NA,NA,NA,NA,NA,NA,NA,NA,NA,NA
"79",-71.0403298245595,42.3782899932614,6,6,8,"Umana / Barnes Bldg","312 Border Street","East Boston",2128,4323,4323,"Umana Academy","Umana Academy","K-8"," "," ",780367.000002,2963209.99999,"Mario Umana Academy","0035","Boston","00350656","Suffolk",949,29,60,77,72,63,66,85,192,166,139,0,0,0,0,0,NA,NA,NA,NA,NA,NA,NA,NA,NA,NA,NA,NA,NA,350656,"Boston - Mario Umana Academy","SCIENCE AND TECH/ENG",19,8,2,1,17,7,93,39,125,53,237,43.4,"N/A","N/A","Boston - Mario Umana Academy","MATH","         113",16,"           9",1,"         104",15,"         340",48,"         256",36,"         709",479.3,37.7,"         559",4,"Boston - Mario Umana Academy","ELA","         148",21,"          15",2,"         133",19,"         325",46,"         236",33,"         709",482.6,48.7,"         559",5
"80",-71.0610117719194,42.3083962119361,47,50,63,"Mather Bldg","1 Parish Street","Dorchester",2122,4350,4350,"Mather Elementary","Mather","ES"," "," ",774909.999997,2937710,"Mather","0035","Boston","00350227","Suffolk",574,62,82,77,84,91,94,84,0,0,0,0,0,0,0,0,NA,NA,NA,NA,NA,NA,NA,NA,NA,NA,NA,NA,NA,350227,"Boston - Mather","SCIENCE AND TECH/ENG",8,10,1,1,7,9,36,46,35,44,79,45.3,"N/A","N/A","Boston - Mather","MATH","          81",31,"           7",3,"          74",28,"         130",50,"          51",19,"         262",488.3,46.5,"         155",15,"Boston - Mather","ELA","          87",33,"          10",4,"          77",29,"         124",47,"          51",19,"         262",490.7,49.6,"         156",14
"81",-71.1040894431683,42.2758153098276,62,66,86,"Mattahunt Bldg","100 Hebron Street","Mattapan",2126,4691,4691,"Mattahunt Elementary","Mattahunt (K1-2)","ES"," "," ",763312.999987,2925779.99998,"Mattahunt Elementary School","0035","Boston","00350016","Suffolk",373,87,124,102,60,0,0,0,0,0,0,0,0,0,0,0,NA,NA,NA,NA,NA,NA,NA,NA,NA,NA,NA,NA,NA,350016,NA,NA,NA,NA,NA,NA,NA,NA,NA,NA,NA,NA,NA,NA,NA,NA,NA,NA,NA,NA,NA,NA,NA,NA,NA,NA,NA,NA,NA,NA,NA,NA,NA,NA,NA,NA,NA,NA,NA,NA,NA,NA,NA,NA,NA,NA,NA,NA,NA,NA
"82",-71.0982906028072,42.3330186671967,80,86,113,"Tobin Bldg","40 Smith Street","Roxbury",2120,4570,4570,"Tobin K-8","Tobin K-8","K-8"," "," ",764784.166036,2946633.15152,"Maurice J Tobin","0035","Boston","00350229","Suffolk",437,13,42,58,58,51,63,40,50,36,26,0,0,0,0,0,NA,NA,NA,NA,NA,NA,NA,NA,NA,NA,NA,NA,NA,350229,"Boston - Maurice J Tobin","SCIENCE AND TECH/ENG",8,11,1,1,7,10,31,44,31,44,70,47.1,"N/A","N/A","Boston - Maurice J Tobin","MATH","          40",17,"           5",2,"          35",15,"         142",60,"          53",23,"         235",484.3,45.9,"         168",9,"Boston - Maurice J Tobin","ELA","          50",21,"           3",1,"          47",20,"         148",63,"          37",16,"         235",487.6,56,"         168",9
"83",-71.0505405858941,42.3313186684526,24,24,35,"Perkins Bldg","50 Burke Street","South Boston",2127,4022,4022,"Perkins Elementary","Perkins","ES"," "," ",777698.3368,2946078.06208,"Michael J Perkins","0035","Boston","00350231","Suffolk",182,6,21,22,37,29,25,42,0,0,0,0,0,0,0,0,NA,NA,NA,NA,NA,NA,NA,NA,NA,NA,NA,NA,NA,350231,"Boston - Michael J Perkins","SCIENCE AND TECH/ENG",9,23,3,8,6,15,22,56,8,21,39,64.7,"N/A","N/A","Boston - Michael J Perkins","MATH","          38",36,"           2",2,"          36",34,"          55",52,"          13",12,"         106",493.5,51.2,"          83",29,"Boston - Michael J Perkins","ELA","          38",36,"           1",1,"          37",35,"          59",56,"           9",8,"         106",491.5,40.1,"          83",15
"84",-71.0904295960035,42.2767606569596,56,60,77,"Mildred Avenue Bldg","5 Mildred Avenue","Mattapan",2126,4671,4671,"Mildred Avenue K-8","Mildred Ave K-8","K-8"," "," ",767008.111766,2926141.9524,"Mildred Avenue K-8","0035","Boston","00350378","Suffolk",622,39,39,45,41,47,116,26,96,93,80,0,0,0,0,0,NA,NA,NA,NA,NA,NA,NA,NA,NA,NA,NA,NA,NA,350378,"Boston - Mildred Avenue K-8","SCIENCE AND TECH/ENG",3,3,0,0,3,3,40,43,51,54,94,45.2,"N/A","N/A","Boston - Mildred Avenue K-8","MATH","          66",20,"           4",1,"          62",19,"         155",47,"         111",33,"         332",484.4,54.1,"         231",9,"Boston - Mildred Avenue K-8","ELA","          65",19,"           4",1,"          61",18,"         131",39,"         140",42,"         336",481.1,49.6,"         234",4
"85",-71.1138674415562,42.3070351533126,121,128,123,"Agassiz Building","20 Child St","Jamaica Plain",2130,4285,4285,"Mission Hill K-8","Mission Hill K-8","K-8","Shared"," ",760615.274078,2937144.85602,"Mission Hill School","0035","Boston","00350382","Suffolk",220,29,22,19,33,19,22,24,21,18,13,0,0,0,0,0,NA,NA,NA,NA,NA,NA,NA,NA,NA,NA,NA,NA,NA,350382,"Boston - Mission Hill School","SCIENCE AND TECH/ENG",9,22,2,5,7,17,9,22,23,56,41,47,"N/A","N/A","Boston - Mission Hill School","MATH","          19",16,"           2",2,"          17",14,"          44",36,"          59",48,"         122",474.6,36,"          94",3,"Boston - Mission Hill School","ELA","          30",24,"           5",4,"          25",20,"          48",39,"          46",37,"         124",484.1,35.7,"          94",6
"86",-71.1410506129511,42.28122865607,91,97,127,"Mozart Bldg","236 Beech Street","Roslindale",2131,4082,4082,"Mozart Elementary","Mozart","ES"," "," ",753301.878441,2927708.44178,"Mozart","0035","Boston","00350237","Suffolk",171,25,24,22,25,27,25,23,0,0,0,0,0,0,0,0,NA,NA,NA,NA,NA,NA,NA,NA,NA,NA,NA,NA,NA,350237,"Boston - Mozart","SCIENCE AND TECH/ENG",8,38,2,10,6,29,10,48,3,14,21,79.8,"N/A","N/A","Boston - Mozart","MATH","          23",32,"           2",3,"          21",29,"          33",45,"          17",23,"          73",492.4,39.7,"          39",26,"Boston - Mozart","ELA","          35",48,"           4",5,"          31",42,"          28",38,"          10",14,"          73",499.5,44.5,"          39",41
"87",-71.0910405993954,42.3255486656123,37,40,50,"Hale Bldg","51 Cedar Street","Roxbury",2119,4113,4113,"Hale Elementary","Hale","ES"," "," ",766757.515094,2943920.26672,"Nathan Hale","0035","Boston","00350243","Suffolk",155,19,22,21,21,25,24,23,0,0,0,0,0,0,0,0,NA,NA,NA,NA,NA,NA,NA,NA,NA,NA,NA,NA,NA,350243,"Boston - Nathan Hale","SCIENCE AND TECH/ENG",5,21,2,8,3,13,16,67,3,13,24,65.6,"N/A","N/A","Boston - Nathan Hale","MATH","          36",50,"           8",11,"          28",39,"          32",44,"           4",6,"          72",501,64.1,"          46",58,"Boston - Nathan Hale","ELA","          41",57,"           7",10,"          34",47,"          27",38,"           4",6,"          72",503.6,50.3,"          46",57
"88",-71.1179103506743,42.2624191009593,106,112,89,"Hyde Park EC","655 Metropolitan Ave","Hyde Park",2136,1285,1285,"New Mission High","New Mission HS","6/7-12","Shared"," ",759643.696681,2921172.19422,"New Mission High School","0035","Boston","00350542","Suffolk",462,0,0,0,0,0,0,0,0,44,74,102,84,72,85,1,"Boston - New Mission High School","     320","       1","   0.3","   1.1","   0.0","   0.0","   0.0","Boston - New Mission High School","     135","468","","495",350542,"Boston - New Mission High School","SCIENCE AND TECH/ENG",33,52,3,5,30,48,30,48,0,0,63,84.9,"N/A","N/A","Boston - New Mission High School","MATH","          16",24,"           0",0,"          16",24,"          41",62,"           9",14,"          66",485,46.2,"          62",10,"Boston - New Mission High School","ELA","           8",12,"           0",0,"           8",12,"          43",65,"          15",23,"          66",481.7,37.1,"          62",4
"89",-71.0756002592987,42.2967884987679,60,64,82,"Holmes Bldg","40 School Street","Dorchester",2124,4084,4084,"Holmes Elementary","Holmes","ES"," "," ",770984.999994,2933459.99999,"O W Holmes","0035","Boston","00350138","Suffolk",335,25,54,47,49,53,60,47,0,0,0,0,0,0,0,0,NA,NA,NA,NA,NA,NA,NA,NA,NA,NA,NA,NA,NA,350138,"Boston - O W Holmes","SCIENCE AND TECH/ENG",8,26,2,6,6,19,13,42,10,32,31,62.1,"N/A","N/A","Boston - O W Holmes","MATH","          40",29,"           1",1,"          39",28,"          67",48,"          33",24,"         140",485.9,51.1,"          88",12,"Boston - O W Holmes","ELA","          52",37,"          13",9,"          39",28,"          65",46,"          23",16,"         140",494.3,58.2,"          86",22
"90",-71.0887925990821,42.3320386672274,35,38,48,"Madison Park Bldg #3 - O'Bryant","55 Malcolm X Blvd","Roxbury",2120,1030,1030,"O'Bryant Math & Sci.","O'Bryant School","6/7-12"," "," ",767354.011766,2946288.25978,"O'Bryant School Math/Science","0035","Boston","00350575","Suffolk",1535,0,0,0,0,0,0,0,0,160,174,330,358,259,254,0,"Boston - O'Bryant School Math/Science","   1,223","       7","   0.6","   0.0","   0.0","   0.7","   1.7","Boston - O'Bryant School Math/Science","     442","536","","571",350575,"Boston - O'Bryant School Math/Science","SCIENCE AND TECH/ENG",261,63,93,22,168,40,144,35,10,2,415,85.5,"N/A","N/A","Boston - O'Bryant School Math/Science","MATH","         290",86,"          30",9,"         260",77,"          47",14,"           0",0,"         337",513.5,62.5,"         321",94,"Boston - O'Bryant School Math/Science","ELA","         258",77,"          24",7,"         234",69,"          78",23,"           1",0,"         337",510.4,55.5,"         321",83
"91",-71.0301987437598,42.3321207686156,27,28,38,"Perry Bldg","745 E. Seventh Street","South Boston",2127,4592,4592,"Perry K-8","Perry K-8","K-8"," "," ",783197.000005,2946400,"Oliver Hazard Perry","0035","Boston","00350255","Suffolk",245,22,26,27,26,31,30,24,25,22,12,0,0,0,0,0,NA,NA,NA,NA,NA,NA,NA,NA,NA,NA,NA,NA,NA,350255,"Boston - Oliver Hazard Perry","SCIENCE AND TECH/ENG",4,16,2,8,2,8,16,64,5,20,25,62,"N/A","N/A","Boston - Oliver Hazard Perry","MATH","          51",46,"           5",4,"          46",41,"          44",39,"          17",15,"         112",499.7,60.9,"          73",52,"Boston - Oliver Hazard Perry","ELA","          37",33,"           5",4,"          32",29,"          46",41,"          29",26,"         112",492.3,45.9,"          73",17
"92",-71.0779090189748,42.3302752098986,29,30,42,"Orchard Gardens K-8","906 Albany Street","Roxbury",2119,4680,4680,"Orchard Gardens K-8","Orchard Gardens K-8","K-8"," "," ",770299.999993,2945660,"Orchard Gardens","0035","Boston","00350257","Suffolk",904,51,80,97,92,96,105,101,106,86,90,0,0,0,0,0,NA,NA,NA,NA,NA,NA,NA,NA,NA,NA,NA,NA,NA,350257,"Boston - Orchard Gardens","SCIENCE AND TECH/ENG",11,6,1,1,10,6,66,38,95,55,172,43.6,"N/A","N/A","Boston - Orchard Gardens","MATH","          65",13,"           2",0,"          63",12,"         245",47,"         210",40,"         520",476.6,41.5,"         387",3,"Boston - Orchard Gardens","ELA","          84",16,"           4",1,"          80",15,"         239",46,"         198",38,"         521",479.7,49.6,"         387",4
"93",-71.0304802923841,42.3785452983999,2,2,3,"Kennedy, P Bldg","343 Saratoga Street","East Boston",2128,4541,4541,"Kennedy Patrick Elem","PJ Kennedy","ES"," "," ",783027.745829,2963317.53394,"Patrick J Kennedy","0035","Boston","00350264","Suffolk",293,27,39,42,35,50,56,44,0,0,0,0,0,0,0,0,NA,NA,NA,NA,NA,NA,NA,NA,NA,NA,NA,NA,NA,350264,"Boston - Patrick J Kennedy","SCIENCE AND TECH/ENG",2,5,0,0,2,5,28,74,8,21,38,54.6,"N/A","N/A","Boston - Patrick J Kennedy","MATH","          41",28,"           2",1,"          39",27,"          78",54,"          25",17,"         144",487.9,42.3,"          86",14,"Boston - Patrick J Kennedy","ELA","          50",35,"           2",1,"          48",34,"          79",55,"          14",10,"         143",492.9,48.4,"          82",19
"94",-71.0427405832423,42.3176286662513,113,119,152,"Dever Bldg","325 Mt. Vernon Street","Dorchester",2125,4100,4100,"Dever Elementary","Dever","ES"," "," ",779834.141474,2941100.41289,"Paul A Dever","0035","Boston","00350268","Suffolk",410,34,59,63,68,61,69,56,0,0,0,0,0,0,0,0,NA,NA,NA,NA,NA,NA,NA,NA,NA,NA,NA,NA,NA,350268,"Boston - Paul A Dever","SCIENCE AND TECH/ENG",5,10,0,0,5,10,26,51,20,39,51,45.6,"N/A","N/A","Boston - Paul A Dever","MATH","          45",31,"           6",4,"          39",27,"          86",60,"          13",9,"         144",493.6,36.7,"          94",29,"Boston - Paul A Dever","ELA","          44",31,"           5",3,"          39",27,"          83",58,"          16",11,"         143",491.6,40.6,"          91",16
"95",-71.0868403249277,42.2821209447663,110,116,148,"Shaw, P.A. Bldg","429 Norfolk Street","Dorchester",2124,4670,4670,"P.A. Shaw (K1-3)","P.A. Shaw (K1-3)","ES"," "," ",767969.999991,2928099.99999,"Pauline Agassiz Shaw Elementary School","0035","Boston","00350014","Suffolk",198,33,38,43,40,44,0,0,0,0,0,0,0,0,0,0,NA,NA,NA,NA,NA,NA,NA,NA,NA,NA,NA,NA,NA,350014,NA,NA,NA,NA,NA,NA,NA,NA,NA,NA,NA,NA,NA,NA,NA,NA,"Boston - Pauline Agassiz Shaw Elementary School","MATH","          14",22,"           0",0,"          14",22,"          38",60,"          11",17,"          63",486.5,NA,"",12,"Boston - Pauline Agassiz Shaw Elementary School","ELA","          17",27,"           2",3,"          15",24,"          41",65,"           5",8,"          63",493.7,NA,"",21
"96",-71.135330610979,42.2777686556127,90,96,126,"Bates Bldg","426 Beech Street","Roslindale",2131,4081,4081,"Bates Elementary","Bates","ES"," "," ",754855.145099,2926454.13215,"Phineas Bates","0035","Boston","00350278","Suffolk",251,19,37,39,40,34,40,42,0,0,0,0,0,0,0,0,NA,NA,NA,NA,NA,NA,NA,NA,NA,NA,NA,NA,NA,350278,"Boston - Phineas Bates","SCIENCE AND TECH/ENG",11,30,2,5,9,24,20,54,6,16,37,64.9,"N/A","N/A","Boston - Phineas Bates","MATH","          40",33,"           7",6,"          33",27,"          55",45,"          26",21,"         121",490.2,36.7,"          83",20,"Boston - Phineas Bates","ELA","          53",44,"           9",7,"          44",36,"          53",44,"          15",12,"         121",497.6,50.2,"          83",34
"97",-71.0690502465657,42.3484082933053,15,15,21,"Abraham Lincoln Building","152 Arlington Street","Boston",2116,1450,1450,"Quincy Upper School","Quincy Upper (6-12)","K-12"," "," ",772661.999995,2952280.00001,"Quincy Upper School","0035","Boston","00350565","Suffolk",549,0,0,0,0,0,0,0,143,93,58,62,62,59,59,13,"Boston - Quincy Upper School","     229","       0","   0.0","   0.0","   0.0","   0.0","   0.0","Boston - Quincy Upper School","      71","483","","495",350565,"Boston - Quincy Upper School","SCIENCE AND TECH/ENG",24,20,2,2,22,18,53,44,43,36,120,54.2,"N/A","N/A","Boston - Quincy Upper School","MATH","          86",32,"           3",1,"          83",31,"         136",51,"          46",17,"         268",490.3,32,"         260",20,"Boston - Quincy Upper School","ELA","          78",29,"          13",5,"          65",24,"         134",50,"          56",21,"         268",489.9,40.9,"         261",12
"98",-71.0981202064396,42.3139378832768,75,81,107,"Hernandez Bldg","61 School Street","Roxbury",2119,4053,4053,"Hernandez K-8","Hernandez K-8","K-8"," "," ",764862.999988,2939680,"Rafael Hernandez","0035","Boston","00350691","Suffolk",399,49,49,49,48,44,44,40,38,16,22,0,0,0,0,0,NA,NA,NA,NA,NA,NA,NA,NA,NA,NA,NA,NA,NA,350691,"Boston - Rafael Hernandez","SCIENCE AND TECH/ENG",17,29,3,5,14,24,31,53,10,17,58,66.8,"N/A","N/A","Boston - Rafael Hernandez","MATH","          59",31,"           2",1,"          57",30,"         108",56,"          26",13,"         193",489.5,62.5,"         144",18,"Boston - Rafael Hernandez","ELA","          59",31,"           8",4,"          51",27,"         103",54,"          30",16,"         192",490.7,54.3,"         143",14
"99",-71.0491940584115,42.2942061770356,50,54,70,"Murphy Bldg","1 Worrell Street","Dorchester",2122,4400,4400,"Murphy K-8","Murphy K-8","K-8"," "," ",778133.906432,2932555.6167,"Richard J Murphy","0035","Boston","00350240","Suffolk",910,39,65,67,88,88,125,132,146,69,91,0,0,0,0,0,NA,NA,NA,NA,NA,NA,NA,NA,NA,NA,NA,NA,NA,350240,"Boston - Richard J Murphy","SCIENCE AND TECH/ENG",52,24,16,7,36,17,106,49,59,27,217,61.6,"N/A","N/A","Boston - Richard J Murphy","MATH","         324",49,"          34",5,"         290",44,"         234",35,"         108",16,"         666",497,45.3,"         528",42,"Boston - Richard J Murphy","ELA","         328",49,"          72",11,"         256",38,"         227",34,"         110",17,"         665",499.2,54.9,"         528",39
"100",-71.0581913442036,42.3231761948746,23,23,33,"Clap Bldg","35 Harvest Street","Dorchester",2125,4531,4531,"Clap Elementary","Clap","ES"," "," ",775644.999998,2943100,"Roger Clap","0035","Boston","00350298","Suffolk",137,15,18,16,20,29,27,12,0,0,0,0,0,0,0,0,NA,NA,NA,NA,NA,NA,NA,NA,NA,NA,NA,NA,NA,350298,"Boston - Roger Clap","SCIENCE AND TECH/ENG",1,8,1,8,0,0,7,54,5,38,13,46.2,"N/A","N/A","Boston - Roger Clap","MATH","          13",21,"           2",3,"          11",18,"          36",58,"          13",21,"          62",483.9,37.6,"          27",8,"Boston - Roger Clap","ELA","          16",26,"           5",8,"          11",18,"          39",63,"           7",11,"          62",492.3,38.9,"          27",17
"101",-71.0348903110476,42.3655630050993,9,9,12,"Adams Bldg","165 Webster Street","East Boston",2128,4361,4361,"Adams Elementary","Adams","ES"," "," ",781862.000004,2958580.00002,"Samuel Adams","0035","Boston","00350302","Suffolk",258,44,30,41,37,45,43,18,0,0,0,0,0,0,0,0,NA,NA,NA,NA,NA,NA,NA,NA,NA,NA,NA,NA,NA,350302,"Boston - Samuel Adams","SCIENCE AND TECH/ENG",6,19,2,6,4,13,12,38,14,44,32,51.6,"N/A","N/A","Boston - Samuel Adams","MATH","          21",20,"           1",1,"          20",19,"          58",56,"          24",23,"         103",487,44.7,"          53",13,"Boston - Samuel Adams","ELA","          33",32,"           0",0,"          33",32,"          50",49,"          19",19,"         102",490.3,47,"          52",13
"102",-71.071331405281,42.326217031375,22,22,31,"Mason Bldg","150 Norfolk Avenue","Roxbury",2119,4121,4121,"Mason Elementary","Mason","ES"," "," ",772085.999995,2944190,"Samuel W Mason","0035","Boston","00350304","Suffolk",241,27,36,38,37,37,37,29,0,0,0,0,0,0,0,0,NA,NA,NA,NA,NA,NA,NA,NA,NA,NA,NA,NA,NA,350304,"Boston - Samuel W Mason","SCIENCE AND TECH/ENG",7,21,1,3,6,18,13,39,13,39,33,53,"N/A","N/A","Boston - Samuel W Mason","MATH","          25",25,"           0",0,"          25",25,"          56",56,"          19",19,"         100",488.4,42.6,"          63",15,"Boston - Samuel W Mason","ELA","          34",34,"           4",4,"          30",30,"          54",54,"          12",12,"         100",492.5,49.2,"          63",18
"103",-71.0806620168016,42.2965601131686,111,117,149,"Greenwood, S Bldg","189 Glenway Street","Dorchester",2121,4130,4130,"Greenwood Sarah K-8","S. Greenwood K-8","K-8"," "," ",769615.999992,2933369.99999,"Sarah Greenwood","0035","Boston","00350308","Suffolk",389,42,44,47,46,48,34,49,31,23,25,0,0,0,0,0,NA,NA,NA,NA,NA,NA,NA,NA,NA,NA,NA,NA,NA,350308,"Boston - Sarah Greenwood","SCIENCE AND TECH/ENG",1,2,0,0,1,2,21,38,34,61,56,36.2,"N/A","N/A","Boston - Sarah Greenwood","MATH","          14",7,"           0",0,"          14",7,"          87",44,"          99",50,"         200",472.3,35.1,"         153",2,"Boston - Sarah Greenwood","ELA","          31",16,"           1",1,"          30",15,"         108",55,"          59",30,"         198",480.2,45,"         152",4
"104",-71.0779705963906,42.3505786709993,17,17,24,"Snowden Hs Bldg","150 Newbury Street","Boston",2116,1200,1200,"Snowden International","Snowden HS","HS"," "," ",770246.740985,2953058.86974,"Snowden International School at Copley","0035","Boston","00350690","Suffolk",489,0,0,0,0,0,0,0,0,0,0,160,123,108,98,0,"Boston - Snowden International School at Copley","     444","      17","   3.8","   4.9","   2.9","   3.5","   3.6","Boston - Snowden International School at Copley","     126","454","","464",350690,"Boston - Snowden International School at Copley","SCIENCE AND TECH/ENG",30,37,2,2,28,34,37,45,15,18,82,68.3,"N/A","N/A",NA,NA,NA,NA,NA,NA,NA,NA,NA,NA,NA,NA,NA,NA,NA,NA,NA,NA,NA,NA,NA,NA,NA,NA,NA,NA,NA,NA,NA,NA,NA,NA,NA,NA
"105",-71.076791454941,42.2877921545001,57,61,78,"Dorchester Ed. Bldg #1 - Main","9 Peacevale Road","Dorchester",2124,1460,1460,"TechBoston Academy","TechBoston","6/7-12"," "," ",770678.999993,2930179.99999,"TechBoston Academy","0035","Boston","00350657","Suffolk",917,0,0,0,0,0,0,0,113,115,136,127,143,148,134,1,"Boston - TechBoston Academy","     559","       7","   1.3","   1.4","   0.7","   1.5","   1.5","Boston - TechBoston Academy","     177","426","","435",350657,"Boston - TechBoston Academy","SCIENCE AND TECH/ENG",55,25,4,2,51,23,97,44,70,32,222,56.9,"N/A","N/A","Boston - TechBoston Academy","MATH","          34",12,"           1",0,"          33",11,"         141",48,"         116",40,"         291",476.5,44,"         252",3,"Boston - TechBoston Academy","ELA","          75",26,"           3",1,"          72",25,"         125",43,"          91",31,"         291",482.6,49.1,"         254",5
"106",-71.1096006044375,42.3060086607993,76,82,108,"English Hs Bldg","144 Mcbride Street","Jamaica Plain",2130,1080,1080,"English High","English HS","HS"," "," ",761771.152625,2936776.03919,"The English High","0035","Boston","00350535","Suffolk",521,0,0,0,0,0,0,0,0,0,0,165,99,122,135,0,"Boston - The English High","     539","      23","   4.3","   3.3","   5.1","   3.4","   5.7","Boston - The English High","      78","436","","448",350535,"Boston - The English High","SCIENCE AND TECH/ENG",27,35,0,0,27,35,43,55,8,10,78,70.8,"N/A","N/A",NA,NA,NA,NA,NA,NA,NA,NA,NA,NA,NA,NA,NA,NA,NA,NA,NA,NA,NA,NA,NA,NA,NA,NA,NA,NA,NA,NA,NA,NA,NA,NA,NA,NA
"107",-71.053191537335,42.2865502504078,51,55,71,"Kenny Bldg","19 Oakton Avenue","Dorchester",2122,4390,4390,"Kenny Elementary","Kenny","ES"," "," ",777066.999999,2929759.99999,"Thomas J Kenny","0035","Boston","00350328","Suffolk",296,27,39,37,36,47,56,54,0,0,0,0,0,0,0,0,NA,NA,NA,NA,NA,NA,NA,NA,NA,NA,NA,NA,NA,350328,"Boston - Thomas J Kenny","SCIENCE AND TECH/ENG",0,0,0,0,0,0,22,67,11,33,33,45.5,"N/A","N/A","Boston - Thomas J Kenny","MATH","          53",35,"           4",3,"          49",32,"          67",44,"          31",21,"         151",490.2,60.2,"          94",20,"Boston - Thomas J Kenny","ELA","          50",34,"           5",3,"          45",31,"          80",54,"          17",12,"         147",492.1,51.7,"          91",16
"108",-71.0504296567631,42.3335737219707,31,34,34,"Gavin Bldg","215 Dorchester Street","South Boston",2127,2450,2450,"UP Academy Boston","UP Academy Boston","MS"," "," ",777724,2946900,"UP Academy Charter School of Boston","0480","UP Academy Charter School of Boston (District)","04800405","Suffolk",517,0,0,0,0,0,0,0,182,169,166,0,0,0,0,0,NA,NA,NA,NA,NA,NA,NA,NA,NA,NA,NA,NA,NA,4800405,"UP Academy Charter School of Boston (District) - UP Academy Charter School of Boston","SCIENCE AND TECH/ENG",8,5,0,0,8,5,94,62,50,33,152,49.8,"N/A","N/A","UP Academy Charter School of Boston (District) - UP Academy Charter School of Boston","MATH","         166",34,"          12",2,"         154",31,"         219",45,"         106",22,"         491",490.5,58.1,"         442",21,"UP Academy Charter School of Boston (District) - UP Academy Charter School of Boston","ELA","         139",28,"           7",1,"         132",27,"         248",51,"         104",21,"         491",487.8,51.7,"         439",10
"109",-71.0707294317282,42.2999261471246,48,52,67,"Marshall Bldg","35 Westville Street","Dorchester",2124,4345,4345,"UP Academy Charter School of Dorchester","UP Academy of Dorchester","K-8"," "," ",772296.999995,2934609.99999,"UP Academy Charter School of Dorchester","3505","UP Academy Charter School of Dorchester (District)","35050405","Suffolk",724,56,61,73,70,74,73,91,91,77,58,0,0,0,0,0,NA,NA,NA,NA,NA,NA,NA,NA,NA,NA,NA,NA,NA,35050405,"UP Academy Charter School of Dorchester (District) - UP Academy Charter School of Dorchester","SCIENCE AND TECH/ENG",12,8,1,1,11,7,74,49,66,43,152,46.9,"N/A","N/A","UP Academy Charter School of Dorchester (District) - UP Academy Charter School of Dorchester","MATH","         105",23,"           5",1,"         100",22,"         243",53,"         114",25,"         462",484.4,39.7,"         367",9,"UP Academy Charter School of Dorchester (District) - UP Academy Charter School of Dorchester","ELA","         132",29,"           7",2,"         125",27,"         236",51,"          94",20,"         462",488.1,44.8,"         368",10
"110",-71.0738590186564,42.3056181290849,46,49,62,"Holland Bldg","85 Olney Street","Dorchester",2121,4250,4250,"UP Academy Holland","UP Holland","ES"," "," ",771439.999994,2936679.99999,"UP Academy Holland","0035","Boston","00350167","Suffolk",771,51,117,110,118,127,122,126,0,0,0,0,0,0,0,0,NA,NA,NA,NA,NA,NA,NA,NA,NA,NA,NA,NA,NA,350167,"Boston - UP Academy Holland","SCIENCE AND TECH/ENG",26,24,6,5,20,18,67,61,17,15,110,67.3,"N/A","N/A","Boston - UP Academy Holland","MATH","         121",34,"           4",1,"         117",33,"         147",41,"          88",25,"         356",490.1,66.1,"         199",20,"Boston - UP Academy Holland","ELA","         112",32,"           6",2,"         106",30,"         175",49,"          68",19,"         355",492,60.5,"         200",16
"111",-71.1743406240052,42.2822686542059,95,101,131,"West Roxbury Ed. Bldg","1205 V.F.W. Parkway","West Roxbury",2132,1253,1253,"Urban Science Academy","Urban Science Academy","HS","Shared","West Roxbury EC",744291.893473,2928051.28111,"Urban Science Academy","0035","Boston","00350579","Suffolk",328,0,0,0,0,0,0,0,0,0,0,74,74,79,96,5,"Boston - Urban Science Academy","     392","      34","   8.7","   4.2","   2.9","   3.9","  19.2","Boston - Urban Science Academy","      93","435","","437",350579,"Boston - Urban Science Academy","SCIENCE AND TECH/ENG",19,43,1,2,18,41,22,50,3,7,44,76.1,"N/A","N/A",NA,NA,NA,NA,NA,NA,NA,NA,NA,NA,NA,NA,NA,NA,NA,NA,NA,NA,NA,NA,NA,NA,NA,NA,NA,NA,NA,NA,NA,NA,NA,NA,NA,NA
"112",-71.0644305927585,42.3779986765793,13,13,16,"Warren-Prescott Bldg","50 School Street","Charlestown",2129,4283,4283,"Warren/Prescott K-8","Warren/Prescott K-8","K-8"," "," ",773855.716508,2963069.66485,"Warren-Prescott","0035","Boston","00350346","Suffolk",580,58,69,72,65,61,70,62,61,35,27,0,0,0,0,0,NA,NA,NA,NA,NA,NA,NA,NA,NA,NA,NA,NA,NA,350346,"Boston - Warren-Prescott","SCIENCE AND TECH/ENG",20,23,6,7,14,16,45,52,21,24,86,64.5,"N/A","N/A","Boston - Warren-Prescott","MATH","         160",51,"          31",10,"         129",41,"         115",37,"          38",12,"         313",502.3,54.1,"         227",63,"Boston - Warren-Prescott","ELA","         183",58,"          43",14,"         140",45,"         103",33,"          27",9,"         313",508,57.6,"         227",75
"113",-71.1249306072805,42.283638656671,72,78,101,"Irving Bldg","105 Cummins Highway","Roslindale",2131,2140,2140,"Irving Middle","Irving MS","MS"," "," ",757660.211213,2928605.45112,"Washington Irving Middle","0035","Boston","00350445","Suffolk",299,0,0,0,0,0,0,0,111,91,97,0,0,0,0,0,NA,NA,NA,NA,NA,NA,NA,NA,NA,NA,NA,NA,NA,350445,"Boston - Washington Irving Middle","SCIENCE AND TECH/ENG",1,1,0,0,1,1,23,27,61,72,85,31.5,"N/A","N/A","Boston - Washington Irving Middle","MATH","          23",8,"           3",1,"          20",7,"         145",50,"         120",42,"         288",474.6,34,"         261",3,"Boston - Washington Irving Middle","ELA","          43",15,"           4",1,"          39",13,"         130",45,"         116",40,"         289",477.2,36.5,"         262",2
"114",-71.1743406240052,42.2822686542059,30,32,131,"West Roxbury Ed. Bldg","1205 V.F.W. Parkway","West Roxbury",2132,1256,1256,"West Roxbury Academy","W. Roxbury Acad","HS","Shared"," ",744291.893473,2928051.28111,"West Roxbury Academy","0035","Boston","00350658","Suffolk",408,0,0,0,0,0,0,0,0,0,0,82,81,89,154,2,"Boston - West Roxbury Academy","     475","      20","   4.2","   2.7","   9.5","   4.3","   1.7","Boston - West Roxbury Academy","     110","432","","434",350658,"Boston - West Roxbury Academy","SCIENCE AND TECH/ENG",11,26,1,2,10,23,26,60,6,14,43,64.5,"N/A","N/A",NA,NA,NA,NA,NA,NA,NA,NA,NA,NA,NA,NA,NA,NA,NA,NA,NA,NA,NA,NA,NA,NA,NA,NA,NA,NA,NA,NA,NA,NA,NA,NA,NA,NA
"115",-71.0595494085743,42.3203824113407,28,29,39,"Russell Bldg","750 Columbia Road","Dorchester",2125,4530,4530,"Russell Elementary","Russell","ES"," "," ",775282.999998,2942080,"William E Russell","0035","Boston","00350366","Suffolk",397,58,59,58,61,57,49,55,0,0,0,0,0,0,0,0,NA,NA,NA,NA,NA,NA,NA,NA,NA,NA,NA,NA,NA,350366,"Boston - William E Russell","SCIENCE AND TECH/ENG",15,35,5,12,10,23,19,44,9,21,43,65.7,"N/A","N/A","Boston - William E Russell","MATH","          43",28,"           5",3,"          38",25,"          89",57,"          23",15,"         155",489.4,42.5,"          98",18,"Boston - William E Russell","ELA","          59",38,"           4",3,"          55",35,"          79",51,"          17",11,"         155",494.4,56.4,"          98",23
"116",-71.1333206089133,42.2516286509912,69,75,98,"Channing Bldg","35 Sunnyside Street","Hyde Park",2136,4201,4201,"Channing Elementary","Channing","ES"," "," ",755440.046859,2916930.68887,"William Ellery Channing","0035","Boston","00350360","Suffolk",208,30,33,38,39,26,26,16,0,0,0,0,0,0,0,0,NA,NA,NA,NA,NA,NA,NA,NA,NA,NA,NA,NA,NA,350360,"Boston - William Ellery Channing","SCIENCE AND TECH/ENG",8,42,1,5,7,37,10,53,1,5,19,80.3,"N/A","N/A","Boston - William Ellery Channing","MATH","          14",21,"           0",0,"          14",21,"          36",54,"          17",25,"          67",483.7,53.9,"          40",8,"Boston - William Ellery Channing","ELA","          17",26,"           0",0,"          17",26,"          40",61,"           9",14,"          66",489.4,40.3,"          38",12
"117",-71.1496106142466,42.2607586521371,108,114,145,"Ohrenberger Bldg","175 West Boundary Road","West Roxbury",2132,4410,4410,"Ohrenberger 3-8","Ohrenberger 3-8","K-8"," "," ",751016.119559,2920239.24526,"William H Ohrenberger","0035","Boston","00350258","Suffolk",635,0,0,0,0,96,138,111,137,78,75,0,0,0,0,0,NA,NA,NA,NA,NA,NA,NA,NA,NA,NA,NA,NA,NA,350258,"Boston - William H Ohrenberger","SCIENCE AND TECH/ENG",30,16,5,3,25,13,80,43,77,41,187,50.7,"N/A","N/A","Boston - William H Ohrenberger","MATH","         246",41,"          39",6,"         207",34,"         278",46,"          80",13,"         604",495,55.1,"         447",34,"Boston - William H Ohrenberger","ELA","         255",42,"          43",7,"         212",35,"         254",42,"          96",16,"         605",494.9,52.7,"         447",25
"118",-71.0735205940176,42.34436866956,18,18,26,"Mckinley Mackey Bldg","90 Warren Avenue","Boston",2116,1291,1291,"McKinley Elementary","McKinley Elem","Special","Shared"," ",771460.937914,2950801.81198,"William McKinley","0035","Boston","00350363","Suffolk",327,0,0,6,8,10,17,19,21,20,29,56,51,35,26,29,"Boston - William McKinley","     212","      34","  16.0","  10.4","  19.2","  26.5","  13.6","Boston - William McKinley","       6","","","",350363,"Boston - William McKinley","SCIENCE AND TECH/ENG",6,11,1,2,5,9,25,44,26,46,57,45.6,"N/A","N/A","Boston - William McKinley","MATH","           2",2,"           0",0,"           2",2,"          30",30,"          67",68,"          99",463.6,34.3,"          62",1,"Boston - William McKinley","ELA","           5",5,"           0",0,"           5",5,"          29",28,"          70",67,"         104",466.5,37.3,"          62",1
"119",-71.0878410542977,42.3157400348818,40,43,54,"Trotter Bldg","135 Humboldt Avenue","Dorchester",2121,4580,4580,"Trotter K-8","Trotter K-8","K-8"," "," ",767639.999991,2940350,"William Monroe Trotter","0035","Boston","00350370","Suffolk",503,37,65,60,64,63,64,54,44,27,25,0,0,0,0,0,NA,NA,NA,NA,NA,NA,NA,NA,NA,NA,NA,NA,NA,350370,"Boston - William Monroe Trotter","SCIENCE AND TECH/ENG",14,19,3,4,11,15,39,52,22,29,75,55.7,"N/A","N/A","Boston - William Monroe Trotter","MATH","          87",33,"           7",3,"          80",30,"         141",53,"          36",14,"         264",491.3,58.6,"         194",23,"Boston - William Monroe Trotter","ELA","          89",34,"           7",3,"          82",31,"         151",57,"          25",9,"         265",494,46.8,"         194",21
"120",-71.1553485997662,42.3476017034881,100,106,137,"Winship Bldg","54 Dighton Street","Brighton",2135,4173,4173,"Winship Elementary","Winship","ES"," "," ",749335.000006,2951880.00001,"Winship Elementary","0035","Boston","00350374","Suffolk",199,44,43,31,25,21,17,18,0,0,0,0,0,0,0,0,NA,NA,NA,NA,NA,NA,NA,NA,NA,NA,NA,NA,NA,350374,"Boston - Winship Elementary","SCIENCE AND TECH/ENG",7,29,0,0,7,29,14,58,3,13,24,67.7,"N/A","N/A","Boston - Winship Elementary","MATH","          28",37,"           6",8,"          22",29,"          39",51,"           9",12,"          76",496.6,61,"          47",40,"Boston - Winship Elementary","ELA","          38",50,"           2",3,"          36",47,"          37",49,"           1",1,"          76",501.4,55.8,"          47",48
"121",-71.0950023342651,42.2823146600886,61,65,85,"Lewenberg Bldg","20 Outlook Road","Mattapan",2126,4600,4600,"Young Achievers K-8","Young Achievers K-8","K-8"," "," ",765760.999989,2928159.99999,"Young Achievers","0035","Boston","00350380","Suffolk",569,43,54,60,60,54,98,81,43,43,33,0,0,0,0,0,NA,NA,NA,NA,NA,NA,NA,NA,NA,NA,NA,NA,NA,350380,"Boston - Young Achievers","SCIENCE AND TECH/ENG",6,8,0,0,6,8,41,58,24,34,71,48.9,"N/A","N/A","Boston - Young Achievers","MATH","          81",25,"           2",1,"          79",24,"         167",51,"          78",24,"         326",484.4,52.3,"         250",9,"Boston - Young Achievers","ELA","          74",23,"           5",2,"          69",21,"         179",55,"          75",23,"         328",484.7,45.4,"         250",6
