"","X","Y","OBJECTID_1","OBJECTID","BLDG_ID","BLDG_NAME","ADDRESS","CITY","ZIPCODE","CSP_SCH_ID","SCH_ID","SCH_NAME","SCH_LABEL","SCH_TYPE","SHARED","COMPLEX","POINT_X","POINT_Y","school_name_2","ORG_CODE","DISTRICT_NAME","SCHOOL","COUNTY","School_Total","PK","K","Gr.1","Gr.2","Gr.3","Gr.4","Gr.5","Gr.6","Gr.7","Gr.8","Gr.9","Gr.10","Gr.11","Gr.12","SPED_Beyond_Grade_12"
"1",-71.1179278543226,42.2652611923976,101,107,139,"E. Greenwood Bldg","612 Metropolitan Avenue","Hyde Park",2136,1230,1230,"Another Course to College","ACC","HS"," "," ",759585.471,2921916.774,"Another Course To College","0035","Boston","00350541","Suffolk",224,0,0,0,0,0,0,0,0,0,0,62,53,52,57,0
"2",-71.1405106172254,42.3420386680756,103,109,141,"Baldwin Bldg","121 Corey Road","Brighton",2135,4621,4621,"Baldwin ELPA","Baldwin ELPA","ELC"," "," ",753354.609161,2949869.27556,"Baldwin Early Learning Center","0035","Boston","00350003","Suffolk",159,82,42,35,0,0,0,0,0,0,0,0,0,0,0,0
"3",-71.1561306165837,42.2634386513491,93,99,129,"Beethoven Bldg","5125 Washington Street","West Roxbury",2132,4030,4030,"Beethoven Elementary","Beethoven (K1-2)","ES"," "," ",749247.248709,2921208.69169,"Beethoven","0035","Boston","00350021","Suffolk",307,44,82,87,94,0,0,0,0,0,0,0,0,0,0,0
"4",-71.0724610662797,42.3407375515449,21,21,28,"Blackstone Bldg","380 Shawmut Avenue","Boston",2118,4640,4640,"Blackstone Elementary","Blackstone","ES"," "," ",771753.999994,2949480.00001,"Blackstone","0035","Boston","00350390","Suffolk",551,79,74,80,82,77,74,85,0,0,0,0,0,0,0,0
"5",-71.06814953602,42.3487697098188,129,2938,0,"Church Street Bldg","20 Church Street","Boston",2116,1215,1215,"Boston Adult Tech Acad","BATA","Special"," "," ",772904.812815,2952412.93842,"Boston Adult Academy","0035","Boston","00350548","Suffolk",144,0,0,0,0,0,0,0,0,0,0,0,0,105,39,0
"6",-71.0621525628862,42.300698325178,84,90,118,"Cleveland Bldg","11 Charles Street","Dorchester",2122,1420,1420,"Boston Arts Academy","BAA","HS","Shared"," ",774619.898,2934906.539,"Boston Arts Academy","0035","Boston","00350546","Suffolk",469,0,0,0,0,0,0,0,0,0,0,114,116,122,117,0
"7",-71.1178860656969,42.2632278971189,125,132,89,"Hyde Park EC","655 Metropolitan Ave","Hyde Park",2136,1195,1195,"Community Leadership Academy","BCLA","HS","Shared"," ",759599.764602,2921175.94527,"Boston Community Leadership Academy","0035","Boston","00350558","Suffolk",487,0,0,0,0,0,0,0,0,0,0,132,115,114,111,15
"8",-71.0817105968886,42.3270286660483,32,35,44,"Wheatley Bldg","20 Kearsage Avenue","Roxbury",2119,1410,1410,"Boston Day and Evening Academy","BDEA","Special"," "," ",769277.865976,2944471.83911,"Boston Day and Evening Academy Charter School","0424","Boston Day and Evening Academy Charter (District)","04240505","Suffolk",421,0,0,0,0,0,0,0,0,0,0,94,70,3,254,0
"9",-71.1459610587206,42.3504407246818,130,2946,139,"Taft Bldg","20 Warren Street","Brighton",2135,1470,1470,"Boston Green Academy","Boston Green Academy","6/7-12"," "," ",751868.385102,2952924.99053,"Boston Green Academy Horace Mann Charter School","0411","Boston Green Academy Horace Mann Charter School (District)","04110305","Suffolk",476,0,0,0,0,0,0,0,52,52,61,86,86,77,52,10
"10",-71.0809105941458,42.281418657595,54,58,74,"Thompson Bldg","100 Maxwell Street","Dorchester",2124,1990,1990,"Boston International HS","Boston Intl HS","Special","Shared"," ",769575.860504,2927851.90514,"Boston International High School","0035","Boston","00350507","Suffolk",369,0,0,0,0,0,0,0,0,0,0,133,94,69,73,0
"11",-71.0809105941458,42.281418657595,55,59,74,"Thompson Bldg","100 Maxwell Street","Dorchester",2124,1991,1991,"Newcomers Academy","Newcomers Acad","Special","Shared"," ",769575.860504,2927851.90514,"Boston International High School","0035","Boston","00350507","Suffolk",369,0,0,0,0,0,0,0,0,0,0,133,94,69,73,0
"12",-71.101690603336,42.337898667878,81,87,115,"Boston Latin School Bldg","78 Avenue Louis Pasteur","Boston",2115,1010,1010,"Boston Latin School","Boston Latin Sch","6/7-12"," "," ",763856.549491,2948407.20221,"Boston Latin","0035","Boston","00350560","Suffolk",2440,0,0,0,0,0,0,0,0,410,407,407,431,402,383,0
"13",-71.0845005964343,42.3161586640344,41,44,55,"Boston Latin Academy Bldg","205 Townsend Street","Boston",2121,1020,1020,"Boston Latin Academy","Boston Latin Acad","6/7-12"," "," ",768542.714999,2940506.93881,"Boston Latin Academy","0035","Boston","00350545","Suffolk",1767,0,0,0,0,0,0,0,0,283,298,298,362,260,266,0
"14",-71.1159406061099,42.294638658621,67,72,93,"Parkman Bldg","25 Walk Hill Street","Jamaica Plain",2130,4661,4661,"BTU K-8 Pilot","BTU Pilot School K-8","K-8"," "," ",760074.83,2932624.84345,"Boston Teachers Union School","0035","Boston","00350012","Suffolk",270,23,22,22,21,23,26,36,51,18,28,0,0,0,0,0
"15",-71.1454906178092,42.3490886682943,102,108,140,"Brighton High School Bldg","25 Warren Street","Brighton",2135,1040,1040,"Brighton High","Brighton HS","HS"," "," ",751997.598536,2952432.80174,"Brighton High","0035","Boston","00350505","Suffolk",586,0,0,0,0,0,0,0,0,0,0,117,124,132,191,22
"16",-71.0838399754959,42.3405597744244,33,36,45,"Carter Center Bldg","396 Northampton Street","Roxbury",2118,4261,4261,"Carter Center","Carter Center","Special"," "," ",768677.999992,2949400.00001,"Carter Developmental Center","0035","Boston","00350036","Suffolk",29,0,0,0,0,0,0,0,0,3,2,4,2,2,7,9
"17",-71.0774305660365,42.2778607462569,53,57,73,"Taylor Bldg","1060 Morton Street","Mattapan",2126,4151,4151,"Taylor Elementary","Taylor","ES"," "," ",770523.999993,2926559.99999,"Charles H Taylor","0035","Boston","00350054","Suffolk",517,17,61,77,80,83,109,90,0,0,0,0,0,0,0,0
"18",-71.126840608096,42.286458657546,73,79,102,"Sumner Bldg","15 Basile Street","Roslindale",2131,4560,4560,"Sumner Elementary","Sumner","ES"," "," ",757138.874669,2929630.83493,"Charles Sumner","0035","Boston","00350052","Suffolk",546,58,78,81,86,80,94,69,0,0,0,0,0,0,0,0
"19",-71.0610705930195,42.3801186774062,11,11,14,"Charlestown High Bldg #1 -  Main","240 Medford Street","Charlestown",2129,1050,1050,"Charlestown High","Charlestown HS","HS"," "," ",774759.589533,2963846.89176,"Charlestown High","0035","Boston","00350515","Suffolk",881,0,0,0,0,0,0,0,0,0,0,252,173,203,214,39
"20",-71.0672312443215,42.3790803554746,12,12,15,"Edwards Bldg","28 Walker Street","Charlestown",2129,2010,2010,"Edwards Middle","Edwards MS","MS"," "," ",773096.999996,2963459.99999,"Clarence R Edwards Middle","0035","Boston","00350430","Suffolk",362,0,0,0,0,0,0,0,149,108,105,0,0,0,0,0
"21",-71.1034906017473,42.3089286626655,74,80,105,"Fuller Bldg","25 Glen Road","Jamaica Plain",2130,1340,1340,"Community Academy","Community Acad","Special"," "," ",763418.969363,2937847.759,"Community Academy","0035","Boston","00350518","Suffolk",45,0,0,0,0,0,0,0,0,0,0,11,12,15,7,0
"22",-71.061729420578,42.3011287910384,64,69,65,"Cleveland Bldg","11 Charles Street","Dorchester",2122,1103,1103,"Comm Acad Sci Health","CASH","HS","Shared"," ",774729.490703,2935060.64311,"Community Academy of Science and Health","0035","Boston","00350581","Suffolk",368,0,0,0,0,0,0,0,0,0,0,78,81,107,80,22
"23",-71.0521512218551,42.3380258933474,115,121,156,"Condon Bldg","200 D Street","South Boston",2127,4630,4630,"Condon K-8","Condon K-8","K-8"," "," ",777250,2948520.00001,"Condon K-8","0035","Boston","00350146","Suffolk",851,44,74,77,87,83,111,119,102,82,72,0,0,0,0,0
"24",-71.1142189130239,42.3186854768092,87,93,121,"Curley, J.  Bldg","40 Pershing Road","Jamaica Plain",2130,4272,4272,"Curley K-8 (Lower)","Curley K-8 (Lower)","K-8"," "," ",760501.000016,2941390,"Curley K-8 School","0035","Boston","00350020","Suffolk",968,103,88,94,87,84,102,104,131,95,80,0,0,0,0,0
"25",-71.1129506060724,42.3185086637642,88,94,122,"Curley, Mary  Bldg","493 Centre Street","Jamaica Plain",2130,4272,4272,"Curley K-8 (Upper)","Curley K-8 (Upper)","K-8"," "," ",760844.30248,2941327.12032,"Curley K-8 School","0035","Boston","00350020","Suffolk",968,103,88,94,87,84,102,104,131,95,80,0,0,0,0,0
"26",-71.0041205752026,42.3887986810735,1,1,1,"Guild Bldg","195 Leyden Street","East Boston",2128,4061,4061,"Guild Elementary","Guild","ES"," "," ",790128.152748,2967094.37762,"Curtis Guild","0035","Boston","00350062","Suffolk",260,29,36,36,32,38,48,41,0,0,0,0,0,0,0,0
"27",-71.0379400819836,42.3715684361376,128,2136,0,"Alighieri Bldg","37 Gove St.","East Boston",2128,4321,4321,"Alighieri Montessori","Alighieri","ES"," "," ",781025.956811,2960764.01781,"Dante Alighieri Montessori School","0035","Boston","00350066","Suffolk",97,26,15,14,13,10,12,3,4,0,0,0,0,0,0,0
"28",-71.0805044103435,42.3261528470959,131,3346,150,"Dearborn Bldg","35 Greenville Street","Roxbury",2119,1260,1260,"Dearborn Academy","Dearborn Academy","6/7-12"," "," ",769605.963,2944154.655,"Dearborn","0035","Boston","00350074","Suffolk",419,0,0,0,0,0,0,0,94,58,61,82,56,35,33,0
"29",-71.1077206018703,42.2867586577462,66,71,92,"Haley Bldg","570 American Legion Highway","Roslindale",2131,4210,4210,"Haley K-8","Haley K-8","K-8"," "," ",762311.957842,2929763.37301,"Dennis C Haley","0035","Boston","00350077","Suffolk",422,27,38,41,40,46,46,47,66,28,43,0,0,0,0,0
"30",-71.0343075831713,42.3692736759597,8,8,11,"Mckay Bldg","122 Cottage Street","East Boston",2128,4360,4360,"McKay K-8","McKay K-8","K-8"," "," ",782012.09674,2959933.10018,"Donald Mckay","0035","Boston","00350080","Suffolk",811,22,67,59,84,86,91,96,101,101,104,0,0,0,0,0
"31",-71.0918905970026,42.2717886547424,119,125,76,"Mattapan Eec Bldg","108 Babson Street","Mattapan",2126,4440,4440,"Ellison/ Parks ELC","Ellison/ Parks ELC","ELC"," "," ",766621.396246,2924328.19243,"Dr. Catherine Ellison-Rosa Parks Early Ed School","0035","Boston","00350008","Suffolk",191,49,38,36,36,32,0,0,0,0,0,0,0,0,0,0
"32",-71.062220644048,42.2939667268092,49,53,69,"Ohearn Bldg","1669 Dorchester Avenue","Dorchester",2122,4391,4391,"Henderson Lower (K0-1)","Henderson Lower (K0-1)","K-12"," "," ",774609.999997,2932449.99999,"Dr. William Henderson Lower","0035","Boston","00350266","Suffolk",215,77,68,70,0,0,0,0,0,0,0,0,0,0,0,0
"33",-71.0695699268391,42.2812617274603,52,56,72,"Wilson Bldg","18 Croftland Avenue","Dorchester",2124,1140,1140,"Henderson Upper (2-12)","Henderson Upper (2-12)","K-12"," "," ",772644.999995,2927809.99999,"Dr. William Henderson Upper","0035","Boston","00350426","Suffolk",630,0,0,0,71,45,47,41,66,51,60,63,62,57,58,9
"34",-71.073373662772,42.3219274725383,123,130,30,"Emerson Building","6 Shirley St","Roxbury",2119,4123,4123,"Dudley Street Neighborhood Charter School","Dudley St NCS","ES"," "," ",771541.56295,2942624.04362,"Dudley Street Neighborhood Charter School","0407","Dudley Street Neighborhood Charter School (District)","04070405","Suffolk",256,39,33,38,42,39,37,28,0,0,0,0,0,0,0,0
"35",-71.0341199492196,42.3696760227735,7,7,10,"East Boston Eec Bldg","135 Gove Street","East Boston",2128,4450,4450,"East Boston EEC","East Boston EEC","ELC"," "," ",782062.000004,2960079.99998,"East Boston Early Childhood Center","0035","Boston","00350009","Suffolk",184,74,61,49,0,0,0,0,0,0,0,0,0,0,0,0
"36",-71.0349214342557,42.3809574571799,5,5,7,"East Boston High Bldg","86 White Street","East Boston",2128,1070,1070,"East Boston High","East Boston HS","HS"," "," ",781823.000004,2964189.99999,"East Boston High","0035","Boston","00350530","Suffolk",1189,0,0,0,0,0,0,0,0,0,0,292,272,263,351,11
"37",-71.1601906226795,42.3455886672831,97,103,133,"Edison Bldg","60 Glenmont Road","Brighton",2135,4178,4178,"Edison K-8","Edison K-8","K-8"," "," ",748029.00602,2951141.15716,"Edison K-8","0035","Boston","00350375","Suffolk",603,21,48,60,73,60,79,61,76,66,59,0,0,0,0,0
"38",-71.0597697601254,42.3136876117838,109,115,146,"Everett Bldg","71 Pleasant Street","Dorchester",2125,4140,4140,"Everett Elementary","Everett","ES"," "," ",775235.999998,2939640,"Edward Everett","0035","Boston","00350088","Suffolk",264,20,43,37,43,35,40,46,0,0,0,0,0,0,0,0
"39",-71.0915306001671,42.3414586682552,82,88,116,"Health Careers Academy","110 The Fenway","Boston",2115,1440,1440,"Kennedy Health Careers Academy (11-12)","Kennedy HCA (11-12)","HS"," "," ",766597.24495,2949717.52314,"Edward M. Kennedy Academy for Health Careers (Horace Mann Charter) (District)",NA,NA,NA,NA,NA,NA,NA,NA,NA,NA,NA,NA,NA,NA,NA,NA,NA,NA,NA,NA
"40",-71.1065636648043,42.3339314258926,124,131,114,"Farragut Building","10 Fenwood Road","Jamaica Plain",2115,1441,1441,"Kennedy Health Careers Academy (9-10)","Kennedy HCA (9-10)","HS"," "," ",762545.712954,2946955.3512,"Edward M. Kennedy Academy for Health Careers (Horace Mann Charter) (District)",NA,NA,NA,NA,NA,NA,NA,NA,NA,NA,NA,NA,NA,NA,NA,NA,NA,NA,NA,NA
"41",-71.1069357708023,42.3262927572333,79,85,111,"Hennigan Bldg","200 Heath Street","Jamaica Plain",2130,4231,4231,"West Zone ELC","West Zone ELC","ELC","Shared"," ",762457.929921,2944171.21852,"ELC - West Zone","0035","Boston","00350006","Suffolk",111,46,33,32,0,0,0,0,0,0,0,0,0,0,0,0
"42",-71.0533696697075,42.3661027415912,14,14,17,"Eliot Bldg","16 Charter Street","Boston",2113,4381,4381,"Eliot K-8","Eliot K-8","K-8"," "," ",776866.999999,2958750.00002,"Eliot Elementary","0035","Boston","00350096","Suffolk",675,58,77,79,82,87,94,63,81,24,30,0,0,0,0,0
"43",-71.0548707853835,42.3659109588818,126,1335,1000,"Eliot Bldg","173 Salem Street","Boston",2113,4381,4381,"Eliot K-8","Eliot K-8","K-8"," "," ",776462.973,2958675.531,"Eliot Elementary","0035","Boston","00350096","Suffolk",675,58,77,79,82,87,94,63,81,24,30,0,0,0,0,0
"44",-71.0928915954457,42.3163342995574,42,45,56,"Ellis Bldg","302 Walnut Avenue","Roxbury",2119,4240,4240,"Ellis Elementary","Ellis","ES"," "," ",766272.999989,2940560,"Ellis Mendell","0035","Boston","00350100","Suffolk",273,23,42,42,42,41,44,39,0,0,0,0,0,0,0,0
"45",-71.1016106025806,42.3165586643393,77,83,109,"Mendell Bldg","164 School Street","Roxbury",2119,4370,4370,"Mendell Elementary","Mendell","ES"," "," ",763914.501299,2940630.62774,"Ellis Mendell","0035","Boston","00350100","Suffolk",273,23,42,42,42,41,44,39,0,0,0,0,0,0,0,0
"46",-71.0448905841069,42.3328686686498,25,25,36,"South Boston Ed. Bldg","95 G Street","South Boston",2127,1162,1162,"Excel High","Excel HS","HS"," ","S. Boston EC",779223.039425,2946651.00928,"Excel High School","0035","Boston","00350522","Suffolk",518,0,0,0,0,0,0,0,0,0,0,128,135,134,121,0
"47",-71.0991780211634,42.3305882774394,83,89,118,"Mission Hill Bldg","67 Alleghany Street","Roxbury",2120,1265,1265,"Fenway High","Fenway HS","HS"," "," ",764548.382701,2945746.345,"Fenway High School","0035","Boston","00350540","Suffolk",377,0,0,0,0,0,0,0,0,0,0,104,93,93,84,3
"48",-71.1328806080613,42.2338986470213,116,122,998,"New Roosevelt Bldg","30 Millstone Road","Hyde Park",2136,4193,4193,"Roosevelt K-8 (K1-1)","Roosevelt Lower (K1-1)","K-8"," "," ",755586.978635,2910470.1729,"Franklin D Roosevelt","0035","Boston","00350116","Suffolk",438,42,42,44,43,45,45,43,52,43,39,0,0,0,0,0
"49",-71.1234511661687,42.2429507596572,68,74,96,"Roosevelt Bldg","95 Needham Road","Hyde Park",2136,4192,4192,"Roosevelt Upper (2-8)","Roosevelt Upper (2-8)","K-8"," "," ",758126.000014,2913780.00001,"Franklin D Roosevelt","0035","Boston","00350116","Suffolk",438,42,42,44,43,45,45,43,52,43,39,0,0,0,0,0
"50",-71.134110616169,42.3607686712674,107,113,144,"Gardner Bldg","30 Athol Street","Allston",2134,4160,4160,"Gardner K-8","Gardner K-8","K-8"," "," ",755055.555883,2956702.22539,"Gardner Pilot Academy","0035","Boston","00350326","Suffolk",383,26,39,43,40,40,39,36,48,36,36,0,0,0,0,0
"51",-71.1270506086844,42.2747986550925,71,77,100,"Conley Bldg","450 Poplar Street","Roslindale",2131,4080,4080,"Conley Elementary","Conley","ES"," "," ",757100.630477,2925381.50997,"George H Conley","0035","Boston","00350122","Suffolk",200,18,19,19,25,52,23,44,0,0,0,0,0,0,0,0
"52",-71.0992906018435,42.3141286629328,120,126,106,"Greater Egleston High","80 School Street","Roxbury",2119,1430,1430,"Greater Egleston High","Greater Egleston HS","HS"," "," ",764546.119796,2939748.03389,"Greater Egleston Community High School","0035","Boston","00350543","Suffolk",95,0,0,0,0,0,0,0,0,0,0,12,20,28,35,0
"53",-71.0574922452084,42.3766285174017,10,10,13,"Harvard-Kent","50 Bunker Hill Street","Charlestown",2129,4280,4280,"Harvard/Kent Elem","Harvard/Kent","ES"," "," ",775732.999998,2962579.99999,"Harvard-Kent","0035","Boston","00350200","Suffolk",413,43,46,49,54,58,72,91,0,0,0,0,0,0,0,0
"54",-71.0789391290922,42.3149668544794,39,42,53,"Blue Hill Ave Eec Bldg","263 Blue Hill Ave","Roxbury",2119,4460,4460,"Haynes EEC","Haynes EEC","ELC"," "," ",770048.999993,2940080,"Haynes Early Education Center","0035","Boston","00350010","Suffolk",188,51,67,70,0,0,0,0,0,0,0,0,0,0,0,0
"55",-71.1273206070714,42.2567686510648,70,76,99,"Grew Bldg","40 Gordon Avenue","Hyde Park",2136,4200,4200,"Grew Elementary","Grew","ES"," "," ",757056.266893,2918810.81131,"Henry Grew","0035","Boston","00350135","Suffolk",239,22,43,37,38,31,49,19,0,0,0,0,0,0,0,0
"56",-71.09202957055,42.3176601893892,127,1736,52,"Higginson Bldg","160 Harrishof Street","Roxbury",2119,4241,4241,"Higginson Elementary (K1-2)","Higginson (K1-2)","ES"," "," ",766503.829431,2941044.29029,"Higginson","0035","Boston","00350015","Suffolk",168,29,42,46,51,0,0,0,0,0,0,0,0,0,0,0
"57",-71.0863095666742,42.3209483431821,38,41,51,"Lewis Bldg","131 Walnut Avenue","Roxbury",2119,4242,4242,"Higginson/Lewis (3-8)","Higginson/Lewis (3-8)","K-8"," "," ",768044.999991,2942250,"Higginson/Lewis K-8","0035","Boston","00350377","Suffolk",261,0,0,0,2,37,61,45,53,39,24,0,0,0,0,0
"58",-71.1377006159088,42.352058669049,104,110,142,"Jackson Mann Bldg","40 Armington Street","Allston",2134,4610,4610,"Horace Mann","Horace Mann K-12","Special","Shared"," ",754098.776714,2953523.97847,"Horace Mann School for the Deaf","0035","Boston","00350750","Suffolk",88,2,2,8,6,6,8,0,9,4,6,7,3,11,11,5
"59",-71.0380107181542,42.3780886172121,4,4,6,"Odonnell Bldg","33 Trenton Street","East Boston",2128,4543,4543,"O'Donnell Elementary","O'Donnell","ES"," "," ",780994.000003,2963139.99999,"Hugh Roe O'Donnell","0035","Boston","00350141","Suffolk",265,21,38,45,40,41,43,37,0,0,0,0,0,0,0,0
"60",-71.1377006159088,42.352058669049,105,111,142,"Jackson Mann Bldg","40 Armington Street","Allston",2134,4620,4620,"Jackson/Mann K-8","Jackson/Mann K-8","K-8","Shared"," ",754098.776714,2953523.97847,"Jackson Mann","0035","Boston","00350013","Suffolk",610,51,63,57,62,71,86,72,66,45,37,0,0,0,0,0
"61",-71.1047806004288,42.2672586544079,63,67,87,"Chittick Bldg","154 Ruskindale Road","Mattapan",2126,4070,4070,"Chittick Elementary","Chittick","ES"," "," ",763140.399858,2922660.97093,"James J Chittick","0035","Boston","00350154","Suffolk",278,44,40,39,45,39,40,31,0,0,0,0,0,0,0,0
"62",-71.0338905839197,42.3752786771506,3,3,4,"Otis Bldg","218 Marion Street","East Boston",2128,4322,4322,"Otis Elementary","Otis","ES"," "," ",782112.823908,2962122.05733,"James Otis","0035","Boston","00350156","Suffolk",393,46,60,59,58,64,63,43,0,0,0,0,0,0,0,0
"63",-71.0909705993155,42.3303986662493,36,39,49,"Timilty Bldg","205 Roxbury Street","Roxbury",2119,2040,2040,"Timilty Middle","Timilty MS","MS"," "," ",766767.96863,2945687.78285,"James P Timilty Middle","0035","Boston","00350485","Suffolk",308,0,0,0,0,0,0,0,99,98,111,0,0,0,0,0
"64",-71.1069106901826,42.3256221229897,118,124,111,"Hennigan Bldg","200 Heath Street","Jamaica Plain",2130,4230,4230,"Hennigan K-8","Hennigan K-8","K-8","Shared"," ",762465.838572,2943926.85873,"James W Hennigan","0035","Boston","00350153","Suffolk",581,0,35,41,59,65,70,110,91,52,58,0,0,0,0,0
"65",-71.0816252357091,42.306818760665,112,118,150,"Burke High School Bldg","60 Washington Street","Dorchester",2121,1120,1120,"Burke High","Burke HS","HS"," "," ",769337.072736,2937107.129,"Jeremiah E Burke High","0035","Boston","00350525","Suffolk",403,0,0,0,0,0,0,0,0,0,0,83,93,107,120,0
"66",-71.1177406061388,42.2854086569104,65,70,91,"Philbrick Bldg","40 Philbrick Street","Roslindale",2131,4561,4561,"Philbrick Elementary","Philbrick","ES"," "," ",759602.913871,2929259.10274,"John D Philbrick","0035","Boston","00350172","Suffolk",160,10,19,21,23,20,47,20,0,0,0,0,0,0,0,0
"67",-71.1058393825734,42.3217853270857,78,84,110,"Kennedy, J  Bldg","7 Bolster Street","Jamaica Plain",2130,4270,4270,"Kennedy John F Elemen","JF Kennedy","ES"," "," ",762761.999986,2942530,"John F Kennedy","0035","Boston","00350166","Suffolk",371,26,58,56,60,60,68,43,0,0,0,0,0,0,0,0
"68",-71.043500582554,42.3180286655295,114,120,153,"Mccormack Bldg","315 Mt. Vernon Street","Dorchester",2125,2190,2190,"McCormack Middle","McCormack MS","MS"," "," ",779627.818818,2941245.07808,"John W McCormack","0035","Boston","00350179","Suffolk",365,0,0,0,0,0,0,0,121,120,124,0,0,0,0,0
"69",-71.0756266008366,42.3182026505098,43,46,57,"Winthrop Bldg","35 Brookford Street","Dorchester",2125,4052,4052,"Winthrop Elementary","Winthrop","ES"," "," ",770939.048026,2941263.61709,"John Winthrop","0035","Boston","00350180","Suffolk",308,35,53,45,55,39,43,38,0,0,0,0,0,0,0,0
"70",-71.0777405958249,42.3387586686704,20,20,27,"Hurley Bldg","70 Worcester Street","Boston",2118,4260,4260,"Hurley K-8","Hurley K-8","K-8"," "," ",770330.236569,2948751.74884,"Joseph J Hurley","0035","Boston","00350182","Suffolk",350,28,41,44,48,43,44,34,36,16,16,0,0,0,0,0
"71",-71.0803754192456,42.2924381049443,58,62,80,"Lee Bldg","155 Talbot Avenue","Dorchester",2124,4290,4290,"Lee K-8","Lee K-8","K-8"," "," ",769700.926306,2931868.26054,"Joseph Lee","0035","Boston","00350183","Suffolk",653,60,59,48,58,60,83,77,91,56,61,0,0,0,0,0
"72",-71.1314906110075,42.3055886604069,89,95,124,"Manning Bldg","130 Louders Lane","Jamaica Plain",2130,4311,4311,"Manning Elementary","Manning","ES"," "," ",755850.534732,2936596.64227,"Joseph P Manning","0035","Boston","00350184","Suffolk",147,10,22,23,24,23,25,20,0,0,0,0,0,0,0,0
"73",-71.0384112844121,42.3348707077956,26,27,37,"Tynan Bldg","650 E. Fourth Street","South Boston",2127,4590,4590,"Tynan Elementary","Tynan","ES"," "," ",780971.000003,2947390,"Joseph P Tynan","0035","Boston","00350181","Suffolk",229,29,51,34,31,23,32,29,0,0,0,0,0,0,0,0
"74",-71.0649205923326,42.3479786705408,16,16,22,"Boston HS Bldg","885 Washington Street","Boston",2111,4650,4650,"Quincy Lower (K-5)","Quincy Lower (K-5)","K-12"," "," ",773779.124764,2952129.10459,"Josiah Quincy","0035","Boston","00350286","Suffolk",803,75,113,116,122,125,120,132,0,0,0,0,0,0,0,0
"75",-71.1625701257407,42.2718858198013,94,100,130,"Kilmer Bldg","35 Baker Street","West Roxbury",2132,4031,4031,"Kilmer Lower (K1-3)","Kilmer Lower (K1-3)","K-8"," "," ",747492.000004,2924280.00002,"Joyce Kilmer","0035","Boston","00350190","Suffolk",439,37,40,59,40,47,51,63,60,14,28,0,0,0,0,0
"76",-71.1523676180015,42.2926606579234,92,98,128,"Russett Road Bldg","140 Russett Road","West Roxbury",2132,4033,4033,"Kilmer Upper (4-8)","Kilmer Upper (4-8)","K-8"," "," ",750222.431046,2931861.75711,"Joyce Kilmer","0035","Boston","00350190","Suffolk",439,37,40,59,40,47,51,63,60,14,28,0,0,0,0,0
"77",-71.0761965934802,42.3112996633731,44,47,58,"King Bldg","77 Lawrence Avenue","Dorchester",2121,4055,4055,"King K-8","King K-8","K-8"," "," ",770797.393082,2938747.29008,"King K-8","0035","Boston","00350376","Suffolk",489,56,63,62,55,39,58,42,47,41,26,0,0,0,0,0
"78",-71.07300862697,42.2866089264034,59,63,79,"Fifield Bldg","25 Dunbar Ave.","Dorchester",2124,4291,4291,"Lee Academy (K1-3)","Lee Academy (K1-3)","ES"," "," ",771704.710723,2929753.91644,"Lee Academy","0035","Boston","00350001","Suffolk",213,55,35,34,39,50,0,0,0,0,0,0,0,0,0,0
"79",-71.0754108249664,42.3090540229102,45,48,59,"Frederick Middle","270 Columbia Road","Dorchester",2121,2360,2360,"Frederick Pilot Middle","Frederick MS","MS"," "," ",771013.999994,2937930,"Lilla G. Frederick Middle School","0035","Boston","00350383","Suffolk",453,0,0,0,0,0,0,0,125,161,167,0,0,0,0,0
"80",-71.1583706186087,42.2829986557843,96,102,132,"Shaw, R.G.  Bldg","20 Mt. Vernon Street","West Roxbury",2132,4331,4331,"Lyndon K-8","Lyndon K-8","K-8"," "," ",748612.367525,2928334.20882,"Lyndon","0035","Boston","00350262","Suffolk",619,66,65,72,75,76,57,80,59,35,34,0,0,0,0,0
"81",-71.1615006236464,42.3510786684041,98,104,135,"Lyon, Mary  Bldg","50 Beechcroft Street","Brighton",2135,4171,4171,"Lyon K-8","Lyon K-8","K-12"," "," ",747666.93002,2953140.41771,"Lyon K-8","0035","Boston","00350004","Suffolk",132,0,13,12,14,15,15,15,16,18,14,0,0,0,0,0
"82",-71.1607606236953,42.352128667809,99,105,136,"Garfield Bldg","95 Beechcroft Street","Brighton",2135,1171,1171,"Lyon, Mary 9-12","Lyon 9-12","K-12"," "," ",747865.437188,2953523.85419,"Lyon Upper 9-12","0035","Boston","00350655","Suffolk",133,0,0,0,0,0,0,0,0,0,0,30,35,29,39,0
"83",-71.0902905997215,42.3317586666686,34,37,47,"Madison Park Bldg #1","75 Malcolm X Blvd","Roxbury",2120,1210,1210,"Madison Park High","Madison Park HS","HS"," "," ",766949.45791,2946184.2737,"Madison Park High","0035","Boston","00350537","Suffolk",887,0,0,0,0,0,0,0,0,0,0,241,272,195,150,29
"84",-71.0050450759994,42.3916161794587,117,123,2,"Bradley Bldg
","110 Beachview Road","East Boston",2128,4062,4062,"Bradley Elementary","Bradley","ES"," "," ",789872.444619,2968119.68196,"Manassah E Bradley","0035","Boston","00350215","Suffolk",276,28,42,42,42,43,46,33,0,0,0,0,0,0,0,0
"85",-71.1144821853263,42.3072082928641,122,129,123,"Agassiz Building","20 Child St","Jamaica Plain",2130,1053,1053,"Margarita Muniz Academy","Muniz Academy","HS","Shared"," ",760448.702561,2937207.19875,"Margarita Muniz Academy","0035","Boston","00350549","Suffolk",295,0,0,0,0,0,0,0,0,0,0,85,74,74,62,0
"86",-71.0403298245595,42.3782899932614,6,6,8,"Umana / Barnes Bldg","312 Border Street","East Boston",2128,4323,4323,"Umana Academy","Umana Academy","K-8"," "," ",780367.000002,2963209.99999,"Mario Umana Academy","0035","Boston","00350656","Suffolk",949,29,60,77,72,63,66,85,192,166,139,0,0,0,0,0
"87",-71.0610117719194,42.3083962119361,47,50,63,"Mather Bldg","1 Parish Street","Dorchester",2122,4350,4350,"Mather Elementary","Mather","ES"," "," ",774909.999997,2937710,"Mather","0035","Boston","00350227","Suffolk",574,62,82,77,84,91,94,84,0,0,0,0,0,0,0,0
"88",-71.1040894431683,42.2758153098276,62,66,86,"Mattahunt Bldg","100 Hebron Street","Mattapan",2126,4691,4691,"Mattahunt Elementary","Mattahunt (K1-2)","ES"," "," ",763312.999987,2925779.99998,"Mattahunt Elementary School","0035","Boston","00350016","Suffolk",373,87,124,102,60,0,0,0,0,0,0,0,0,0,0,0
"89",-71.0982906028072,42.3330186671967,80,86,113,"Tobin Bldg","40 Smith Street","Roxbury",2120,4570,4570,"Tobin K-8","Tobin K-8","K-8"," "," ",764784.166036,2946633.15152,"Maurice J Tobin","0035","Boston","00350229","Suffolk",437,13,42,58,58,51,63,40,50,36,26,0,0,0,0,0
"90",-71.0505405858941,42.3313186684526,24,24,35,"Perkins Bldg","50 Burke Street","South Boston",2127,4022,4022,"Perkins Elementary","Perkins","ES"," "," ",777698.3368,2946078.06208,"Michael J Perkins","0035","Boston","00350231","Suffolk",182,6,21,22,37,29,25,42,0,0,0,0,0,0,0,0
"91",-71.0904295960035,42.2767606569596,56,60,77,"Mildred Avenue Bldg","5 Mildred Avenue","Mattapan",2126,4671,4671,"Mildred Avenue K-8","Mildred Ave K-8","K-8"," "," ",767008.111766,2926141.9524,"Mildred Avenue K-8","0035","Boston","00350378","Suffolk",622,39,39,45,41,47,116,26,96,93,80,0,0,0,0,0
"92",-71.1138674415562,42.3070351533126,121,128,123,"Agassiz Building","20 Child St","Jamaica Plain",2130,4285,4285,"Mission Hill K-8","Mission Hill K-8","K-8","Shared"," ",760615.274078,2937144.85602,"Mission Hill School","0035","Boston","00350382","Suffolk",220,29,22,19,33,19,22,24,21,18,13,0,0,0,0,0
"93",-71.1410506129511,42.28122865607,91,97,127,"Mozart Bldg","236 Beech Street","Roslindale",2131,4082,4082,"Mozart Elementary","Mozart","ES"," "," ",753301.878441,2927708.44178,"Mozart","0035","Boston","00350237","Suffolk",171,25,24,22,25,27,25,23,0,0,0,0,0,0,0,0
"94",-71.0910405993954,42.3255486656123,37,40,50,"Hale Bldg","51 Cedar Street","Roxbury",2119,4113,4113,"Hale Elementary","Hale","ES"," "," ",766757.515094,2943920.26672,"Nathan Hale","0035","Boston","00350243","Suffolk",155,19,22,21,21,25,24,23,0,0,0,0,0,0,0,0
"95",-71.1179103506743,42.2624191009593,106,112,89,"Hyde Park EC","655 Metropolitan Ave","Hyde Park",2136,1285,1285,"New Mission High","New Mission HS","6/7-12","Shared"," ",759643.696681,2921172.19422,"New Mission High School","0035","Boston","00350542","Suffolk",462,0,0,0,0,0,0,0,0,44,74,102,84,72,85,1
"96",-71.0756002592987,42.2967884987679,60,64,82,"Holmes Bldg","40 School Street","Dorchester",2124,4084,4084,"Holmes Elementary","Holmes","ES"," "," ",770984.999994,2933459.99999,"O W Holmes","0035","Boston","00350138","Suffolk",335,25,54,47,49,53,60,47,0,0,0,0,0,0,0,0
"97",-71.0887925990821,42.3320386672274,35,38,48,"Madison Park Bldg #3 - O'Bryant","55 Malcolm X Blvd","Roxbury",2120,1030,1030,"O'Bryant Math & Sci.","O'Bryant School","6/7-12"," "," ",767354.011766,2946288.25978,"O'Bryant School Math/Science","0035","Boston","00350575","Suffolk",1535,0,0,0,0,0,0,0,0,160,174,330,358,259,254,0
"98",-71.0301987437598,42.3321207686156,27,28,38,"Perry Bldg","745 E. Seventh Street","South Boston",2127,4592,4592,"Perry K-8","Perry K-8","K-8"," "," ",783197.000005,2946400,"Oliver Hazard Perry","0035","Boston","00350255","Suffolk",245,22,26,27,26,31,30,24,25,22,12,0,0,0,0,0
"99",-71.0779090189748,42.3302752098986,29,30,42,"Orchard Gardens K-8","906 Albany Street","Roxbury",2119,4680,4680,"Orchard Gardens K-8","Orchard Gardens K-8","K-8"," "," ",770299.999993,2945660,"Orchard Gardens","0035","Boston","00350257","Suffolk",904,51,80,97,92,96,105,101,106,86,90,0,0,0,0,0
"100",-71.0304802923841,42.3785452983999,2,2,3,"Kennedy, P Bldg","343 Saratoga Street","East Boston",2128,4541,4541,"Kennedy Patrick Elem","PJ Kennedy","ES"," "," ",783027.745829,2963317.53394,"Patrick J Kennedy","0035","Boston","00350264","Suffolk",293,27,39,42,35,50,56,44,0,0,0,0,0,0,0,0
"101",-71.0427405832423,42.3176286662513,113,119,152,"Dever Bldg","325 Mt. Vernon Street","Dorchester",2125,4100,4100,"Dever Elementary","Dever","ES"," "," ",779834.141474,2941100.41289,"Paul A Dever","0035","Boston","00350268","Suffolk",410,34,59,63,68,61,69,56,0,0,0,0,0,0,0,0
"102",-71.0868403249277,42.2821209447663,110,116,148,"Shaw, P.A. Bldg","429 Norfolk Street","Dorchester",2124,4670,4670,"P.A. Shaw (K1-3)","P.A. Shaw (K1-3)","ES"," "," ",767969.999991,2928099.99999,"Pauline Agassiz Shaw Elementary School","0035","Boston","00350014","Suffolk",198,33,38,43,40,44,0,0,0,0,0,0,0,0,0,0
"103",-71.135330610979,42.2777686556127,90,96,126,"Bates Bldg","426 Beech Street","Roslindale",2131,4081,4081,"Bates Elementary","Bates","ES"," "," ",754855.145099,2926454.13215,"Phineas Bates","0035","Boston","00350278","Suffolk",251,19,37,39,40,34,40,42,0,0,0,0,0,0,0,0
"104",-71.0690502465657,42.3484082933053,15,15,21,"Abraham Lincoln Building","152 Arlington Street","Boston",2116,1450,1450,"Quincy Upper School","Quincy Upper (6-12)","K-12"," "," ",772661.999995,2952280.00001,"Quincy Upper School","0035","Boston","00350565","Suffolk",549,0,0,0,0,0,0,0,143,93,58,62,62,59,59,13
"105",-71.0981202064396,42.3139378832768,75,81,107,"Hernandez Bldg","61 School Street","Roxbury",2119,4053,4053,"Hernandez K-8","Hernandez K-8","K-8"," "," ",764862.999988,2939680,"Rafael Hernandez","0035","Boston","00350691","Suffolk",399,49,49,49,48,44,44,40,38,16,22,0,0,0,0,0
"106",-71.0491940584115,42.2942061770356,50,54,70,"Murphy Bldg","1 Worrell Street","Dorchester",2122,4400,4400,"Murphy K-8","Murphy K-8","K-8"," "," ",778133.906432,2932555.6167,"Richard J Murphy","0035","Boston","00350240","Suffolk",910,39,65,67,88,88,125,132,146,69,91,0,0,0,0,0
"107",-71.0581913442036,42.3231761948746,23,23,33,"Clap Bldg","35 Harvest Street","Dorchester",2125,4531,4531,"Clap Elementary","Clap","ES"," "," ",775644.999998,2943100,"Roger Clap","0035","Boston","00350298","Suffolk",137,15,18,16,20,29,27,12,0,0,0,0,0,0,0,0
"108",-71.0348903110476,42.3655630050993,9,9,12,"Adams Bldg","165 Webster Street","East Boston",2128,4361,4361,"Adams Elementary","Adams","ES"," "," ",781862.000004,2958580.00002,"Samuel Adams","0035","Boston","00350302","Suffolk",258,44,30,41,37,45,43,18,0,0,0,0,0,0,0,0
"109",-71.071331405281,42.326217031375,22,22,31,"Mason Bldg","150 Norfolk Avenue","Roxbury",2119,4121,4121,"Mason Elementary","Mason","ES"," "," ",772085.999995,2944190,"Samuel W Mason","0035","Boston","00350304","Suffolk",241,27,36,38,37,37,37,29,0,0,0,0,0,0,0,0
"110",-71.0806620168016,42.2965601131686,111,117,149,"Greenwood, S Bldg","189 Glenway Street","Dorchester",2121,4130,4130,"Greenwood Sarah K-8","S. Greenwood K-8","K-8"," "," ",769615.999992,2933369.99999,"Sarah Greenwood","0035","Boston","00350308","Suffolk",389,42,44,47,46,48,34,49,31,23,25,0,0,0,0,0
"111",-71.0779705963906,42.3505786709993,17,17,24,"Snowden Hs Bldg","150 Newbury Street","Boston",2116,1200,1200,"Snowden International","Snowden HS","HS"," "," ",770246.740985,2953058.86974,"Snowden International School at Copley","0035","Boston","00350690","Suffolk",489,0,0,0,0,0,0,0,0,0,0,160,123,108,98,0
"112",-71.076791454941,42.2877921545001,57,61,78,"Dorchester Ed. Bldg #1 - Main","9 Peacevale Road","Dorchester",2124,1460,1460,"TechBoston Academy","TechBoston","6/7-12"," "," ",770678.999993,2930179.99999,"TechBoston Academy","0035","Boston","00350657","Suffolk",917,0,0,0,0,0,0,0,113,115,136,127,143,148,134,1
"113",-71.1096006044375,42.3060086607993,76,82,108,"English Hs Bldg","144 Mcbride Street","Jamaica Plain",2130,1080,1080,"English High","English HS","HS"," "," ",761771.152625,2936776.03919,"The English High","0035","Boston","00350535","Suffolk",521,0,0,0,0,0,0,0,0,0,0,165,99,122,135,0
"114",-71.053191537335,42.2865502504078,51,55,71,"Kenny Bldg","19 Oakton Avenue","Dorchester",2122,4390,4390,"Kenny Elementary","Kenny","ES"," "," ",777066.999999,2929759.99999,"Thomas J Kenny","0035","Boston","00350328","Suffolk",296,27,39,37,36,47,56,54,0,0,0,0,0,0,0,0
"115",-71.0504296567631,42.3335737219707,31,34,34,"Gavin Bldg","215 Dorchester Street","South Boston",2127,2450,2450,"UP Academy Boston","UP Academy Boston","MS"," "," ",777724,2946900,"UP Academy Charter School of Boston","0480","UP Academy Charter School of Boston (District)","04800405","Suffolk",517,0,0,0,0,0,0,0,182,169,166,0,0,0,0,0
"116",-71.0707294317282,42.2999261471246,48,52,67,"Marshall Bldg","35 Westville Street","Dorchester",2124,4345,4345,"UP Academy Charter School of Dorchester","UP Academy of Dorchester","K-8"," "," ",772296.999995,2934609.99999,"UP Academy Charter School of Dorchester","3505","UP Academy Charter School of Dorchester (District)","35050405","Suffolk",724,56,61,73,70,74,73,91,91,77,58,0,0,0,0,0
"117",-71.0738590186564,42.3056181290849,46,49,62,"Holland Bldg","85 Olney Street","Dorchester",2121,4250,4250,"UP Academy Holland","UP Holland","ES"," "," ",771439.999994,2936679.99999,"UP Academy Holland","0035","Boston","00350167","Suffolk",771,51,117,110,118,127,122,126,0,0,0,0,0,0,0,0
"118",-71.1743406240052,42.2822686542059,95,101,131,"West Roxbury Ed. Bldg","1205 V.F.W. Parkway","West Roxbury",2132,1253,1253,"Urban Science Academy","Urban Science Academy","HS","Shared","West Roxbury EC",744291.893473,2928051.28111,"Urban Science Academy","0035","Boston","00350579","Suffolk",328,0,0,0,0,0,0,0,0,0,0,74,74,79,96,5
"119",-71.0644305927585,42.3779986765793,13,13,16,"Warren-Prescott Bldg","50 School Street","Charlestown",2129,4283,4283,"Warren/Prescott K-8","Warren/Prescott K-8","K-8"," "," ",773855.716508,2963069.66485,"Warren-Prescott","0035","Boston","00350346","Suffolk",580,58,69,72,65,61,70,62,61,35,27,0,0,0,0,0
"120",-71.1249306072805,42.283638656671,72,78,101,"Irving Bldg","105 Cummins Highway","Roslindale",2131,2140,2140,"Irving Middle","Irving MS","MS"," "," ",757660.211213,2928605.45112,"Washington Irving Middle","0035","Boston","00350445","Suffolk",299,0,0,0,0,0,0,0,111,91,97,0,0,0,0,0
"121",-71.1743406240052,42.2822686542059,30,32,131,"West Roxbury Ed. Bldg","1205 V.F.W. Parkway","West Roxbury",2132,1256,1256,"West Roxbury Academy","W. Roxbury Acad","HS","Shared"," ",744291.893473,2928051.28111,"West Roxbury Academy","0035","Boston","00350658","Suffolk",408,0,0,0,0,0,0,0,0,0,0,82,81,89,154,2
"122",-71.0595494085743,42.3203824113407,28,29,39,"Russell Bldg","750 Columbia Road","Dorchester",2125,4530,4530,"Russell Elementary","Russell","ES"," "," ",775282.999998,2942080,"William E Russell","0035","Boston","00350366","Suffolk",397,58,59,58,61,57,49,55,0,0,0,0,0,0,0,0
"123",-71.1333206089133,42.2516286509912,69,75,98,"Channing Bldg","35 Sunnyside Street","Hyde Park",2136,4201,4201,"Channing Elementary","Channing","ES"," "," ",755440.046859,2916930.68887,"William Ellery Channing","0035","Boston","00350360","Suffolk",208,30,33,38,39,26,26,16,0,0,0,0,0,0,0,0
"124",-71.1496106142466,42.2607586521371,108,114,145,"Ohrenberger Bldg","175 West Boundary Road","West Roxbury",2132,4410,4410,"Ohrenberger 3-8","Ohrenberger 3-8","K-8"," "," ",751016.119559,2920239.24526,"William H Ohrenberger","0035","Boston","00350258","Suffolk",635,0,0,0,0,96,138,111,137,78,75,0,0,0,0,0
"125",-71.0735205940176,42.34436866956,18,18,26,"Mckinley Mackey Bldg","90 Warren Avenue","Boston",2116,1291,1291,"McKinley Elementary","McKinley Elem","Special","Shared"," ",771460.937914,2950801.81198,"William McKinley","0035","Boston","00350363","Suffolk",327,0,0,6,8,10,17,19,21,20,29,56,51,35,26,29
"126",-71.1067606060272,42.3479486694459,86,92,120,"Mckinley St Mary'S St Bldg","50 St. Mary Street","Boston",2215,1292,1292,"McKinley Middle","McKinley MS","Special"," "," ",762468.913618,2952063.25406,"William McKinley","0035","Boston","00350363","Suffolk",327,0,0,6,8,10,17,19,21,20,29,56,51,35,26,29
"127",-71.0992606033254,42.3434386693501,85,91,119,"Mckinley Peterborough Bldg","97 Peterborough Street","Boston",2215,1293,1293,"McKinley Prep High Sch","McKinley Prep HS","Special"," "," ",764504.051412,2950429.15966,"William McKinley","0035","Boston","00350363","Suffolk",327,0,0,6,8,10,17,19,21,20,29,56,51,35,26,29
"128",-71.0735205940176,42.34436866956,19,19,26,"Mckinley Mackey Bldg","90 Warren Avenue","Boston",2116,1294,1294,"McKinley So. End Acad","McKinley S. End Acad","Special","Shared"," ",771460.937914,2950801.81198,"William McKinley","0035","Boston","00350363","Suffolk",327,0,0,6,8,10,17,19,21,20,29,56,51,35,26,29
"129",-71.0878410542977,42.3157400348818,40,43,54,"Trotter Bldg","135 Humboldt Avenue","Dorchester",2121,4580,4580,"Trotter K-8","Trotter K-8","K-8"," "," ",767639.999991,2940350,"William Monroe Trotter","0035","Boston","00350370","Suffolk",503,37,65,60,64,63,64,54,44,27,25,0,0,0,0,0
"130",-71.1553485997662,42.3476017034881,100,106,137,"Winship Bldg","54 Dighton Street","Brighton",2135,4173,4173,"Winship Elementary","Winship","ES"," "," ",749335.000006,2951880.00001,"Winship Elementary","0035","Boston","00350374","Suffolk",199,44,43,31,25,21,17,18,0,0,0,0,0,0,0,0
"131",-71.0950023342651,42.2823146600886,61,65,85,"Lewenberg Bldg","20 Outlook Road","Mattapan",2126,4600,4600,"Young Achievers K-8","Young Achievers K-8","K-8"," "," ",765760.999989,2928159.99999,"Young Achievers","0035","Boston","00350380","Suffolk",569,43,54,60,60,54,98,81,43,43,33,0,0,0,0,0
